step,from_pin,to_pin
1,0,212
2,212,262
3,262,216
4,216,265
5,265,219
6,219,267
7,267,215
8,215,266
9,266,218
10,218,278
11,278,206
12,206,273
13,273,208
14,208,262
15,262,65
16,65,261
17,261,51
18,51,260
19,260,63
20,63,257
21,257,60
22,60,255
23,255,59
24,59,256
25,256,61
26,61,254
27,254,60
28,60,258
29,258,50
30,50,259
31,259,59
32,59,258
33,258,66
34,66,260
35,260,58
36,58,253
37,253,222
38,222,37
39,37,224
40,224,38
41,38,225
42,225,40
43,40,226
44,226,39
45,39,224
46,224,236
47,236,45
48,45,235
49,235,43
50,43,232
51,232,41
52,41,225
53,225,234
54,234,46
55,46,235
56,235,41
57,41,223
58,223,24
59,24,219
60,219,14
61,14,216
62,216,274
63,274,205
64,205,292
65,292,206
66,206,271
67,271,197
68,197,268
69,268,211
70,211,263
71,263,220
72,220,264
73,264,207
74,207,272
75,272,194
76,194,283
77,283,195
78,195,269
79,269,218
80,218,261
81,261,69
82,69,264
83,264,217
84,217,270
85,270,203
86,203,275
87,275,202
88,202,291
89,291,206
90,206,280
91,280,216
92,216,254
93,254,57
94,57,250
95,250,55
96,55,262
97,262,51
98,51,241
99,241,60
100,60,227
101,227,43
102,43,236
103,236,44
104,44,234
105,234,47
106,47,252
107,252,60
108,60,228
109,228,69
110,69,257
111,257,61
112,61,225
113,225,260
114,260,56
115,56,261
116,261,221
117,221,19
118,19,218
119,218,12
120,12,215
121,215,282
122,282,190
123,190,280
124,280,210
125,210,272
126,272,196
127,196,285
128,285,193
129,193,271
130,271,214
131,214,268
132,268,174
133,174,269
134,269,204
135,204,293
136,293,205
137,205,289
138,289,200
139,200,273
140,273,203
141,203,294
142,294,208
143,208,251
144,251,223
145,223,57
146,57,259
147,259,68
148,68,263
149,263,54
150,54,248
151,248,61
152,61,251
153,251,70
154,70,224
155,224,53
156,53,261
157,261,209
158,209,1
159,1,208
160,208,266
161,266,173
162,173,270
163,270,176
164,176,271
165,271,212
166,212,252
167,252,59
168,59,224
169,224,27
170,27,221
171,221,38
172,38,226
173,226,64
174,64,262
175,262,52
176,52,247
177,247,62
178,62,222
179,222,255
180,255,49
181,49,256
182,256,70
183,70,260
184,260,65
185,65,223
186,223,25
187,25,219
188,219,15
189,15,220
190,220,262
191,262,59
192,59,229
193,229,73
194,73,231
195,231,68
196,68,257
197,257,58
198,58,226
199,226,56
200,56,264
201,264,52
202,52,228
203,228,63
204,63,255
205,255,72
206,72,229
207,229,75
208,75,230
209,230,71
210,71,259
211,259,221
212,221,61
213,61,240
214,240,48
215,48,233
216,233,47
217,47,247
218,247,68
219,68,265
220,265,194
221,194,284
222,284,195
223,195,288
224,288,194
225,194,289
226,289,207
227,207,268
228,268,196
229,196,282
230,282,208
231,208,263
232,263,218
233,218,268
234,268,201
235,201,276
236,276,210
237,210,297
238,297,206
239,206,299
240,299,192
241,192,286
242,286,195
243,195,274
244,274,207
245,207,298
246,298,211
247,211,253
248,253,57
249,57,229
250,229,62
251,62,261
252,261,66
253,66,223
254,223,252
255,252,69
256,69,224
257,224,250
258,250,67
259,67,257
260,257,221
261,221,18
262,18,220
263,220,37
264,37,223
265,223,71
266,71,250
267,250,60
268,60,244
269,244,63
270,63,222
271,222,30
272,30,230
273,230,74
274,74,227
275,227,54
276,54,260
277,260,50
278,50,227
279,227,67
280,67,259
281,259,56
282,56,255
283,255,67
284,67,248
285,248,56
286,56,263
287,263,51
288,51,223
289,223,73
290,73,245
291,245,188
292,188,292
293,292,194
294,194,287
295,287,199
296,199,276
297,276,177
298,177,272
299,272,205
300,205,281
301,281,209
302,209,264
303,264,172
304,172,287
305,287,179
306,179,274
307,274,204
308,204,8
309,8,203
310,203,10
311,10,193
312,193,7
313,7,204
314,204,282
315,282,197
316,197,281
317,281,213
318,213,270
319,270,215
320,215,264
321,264,53
322,53,236
323,236,42
324,42,227
325,227,71
326,71,224
327,224,261
328,261,60
329,60,256
330,256,72
331,72,246
332,246,69
333,69,230
334,230,31
335,31,234
336,234,45
337,45,228
338,228,76
339,76,244
340,244,74
341,74,223
342,223,254
343,254,64
344,64,249
345,249,225
346,225,62
347,62,258
348,258,57
349,57,262
350,262,58
351,58,252
352,252,67
353,67,222
354,222,60
355,60,226
356,226,72
357,72,222
358,222,22
359,22,212
360,212,6
361,6,194
362,194,290
363,290,187
364,187,293
365,293,179
366,179,278
367,278,205
368,205,264
369,264,55
370,55,228
371,228,64
372,64,243
373,243,61
374,61,255
375,255,210
376,210,4
377,4,192
378,192,250
379,250,63
380,63,221
381,221,31
382,31,235
383,235,44
384,44,232
385,232,70
386,70,244
387,244,190
388,190,294
389,294,178
390,178,285
391,285,170
392,170,286
393,286,196
394,196,16
395,16,195
396,195,270
397,270,178
398,178,279
399,279,183
400,183,284
401,284,171
402,171,265
403,265,52
404,52,245
405,245,59
406,59,257
407,257,49
408,49,229
409,229,79
410,79,225
411,225,77
412,77,243
413,243,71
414,71,254
415,254,73
416,73,226
417,226,65
418,65,248
419,248,76
420,76,231
421,231,29
422,29,224
423,224,68
424,68,248
425,248,58
426,58,258
427,258,54
428,54,266
429,266,58
430,58,263
431,263,210
432,210,260
433,260,52
434,52,266
435,266,207
436,207,279
437,279,164
438,164,284
439,284,201
440,201,2
441,2,213
442,213,25
443,25,205
444,205,298
445,298,182
446,182,280
447,280,175
448,175,273
449,273,194
450,194,18
451,18,206
452,206,268
453,268,222
454,222,69
455,69,245
456,245,76
457,76,222
458,222,262
459,262,66
460,66,253
461,253,62
462,62,236
463,236,60
464,60,259
465,259,226
466,226,61
467,61,228
468,228,78
469,78,231
470,231,72
471,72,242
472,242,65
473,65,263
474,263,55
475,55,254
476,254,58
477,58,268
478,268,175
479,175,288
480,288,170
481,170,262
482,262,217
483,217,10
484,10,202
485,202,277
486,277,188
487,188,289
488,289,169
489,169,282
490,282,194
491,194,9
492,9,204
493,204,291
494,291,177
495,177,296
496,296,183
497,183,278
498,278,211
499,211,41
500,41,236
501,236,57
502,57,264
503,264,195
504,195,276
505,276,213
506,213,251
507,251,59
508,59,227
509,227,70
510,70,231
511,231,66
512,66,197
513,197,270
514,270,208
515,208,2
516,2,179
517,179,4
518,4,183
519,183,283
520,283,190
521,190,287
522,287,177
523,177,5
524,5,182
525,182,285
526,285,206
527,206,263
528,263,216
529,216,16
530,16,191
531,191,251
532,251,73
533,73,224
534,224,75
535,75,252
536,252,81
537,81,232
538,232,74
539,74,253
540,253,59
541,59,261
542,261,50
543,50,256
544,256,69
545,69,262
546,262,53
547,53,265
548,265,214
549,214,55
550,55,230
551,230,77
552,77,223
553,223,238
554,238,42
555,42,211
556,211,20
557,20,196
558,196,289
559,289,167
560,167,283
561,283,158
562,158,259
563,259,66
564,66,257
565,257,72
566,72,253
567,253,218
568,218,260
569,260,55
570,55,265
571,265,190
572,190,298
573,298,179
574,179,282
575,282,207
576,207,276
577,276,153
578,153,280
579,280,194
580,194,14
581,14,189
582,189,295
583,295,178
584,178,3
585,3,200
586,200,270
587,270,194
588,194,294
589,294,170
590,170,280
591,280,160
592,160,261
593,261,63
594,63,235
595,235,54
596,54,254
597,254,86
598,86,251
599,251,224
600,224,72
601,72,258
602,258,68
603,68,240
604,240,59
605,59,247
606,247,143
607,143,249
608,249,75
609,75,222
610,222,71
611,71,232
612,232,121
613,121,233
614,233,43
615,43,240
616,240,75
617,75,231
618,231,82
619,82,253
620,253,210
621,210,268
622,268,53
623,53,267
624,267,198
625,198,285
626,285,194
627,194,11
628,11,193
629,193,19
630,19,228
631,228,80
632,80,248
633,248,87
634,87,253
635,253,56
636,56,265
637,265,59
638,59,244
639,244,191
640,191,296
641,296,174
642,174,2
643,2,184
644,184,282
645,282,156
646,156,284
647,284,161
648,161,263
649,263,59
650,59,235
651,235,124
652,124,233
653,233,32
654,32,230
655,230,61
656,61,222
657,222,65
658,65,197
659,197,67
660,67,228
661,228,59
662,59,231
663,231,116
664,116,229
665,229,81
666,81,226
667,226,44
668,44,212
669,212,277
670,277,194
671,194,2
672,2,172
673,172,297
674,297,182
675,182,11
676,11,203
677,203,276
678,276,198
679,198,70
680,70,255
681,255,206
682,206,269
683,269,173
684,173,292
685,292,190
686,190,289
687,289,174
688,174,282
689,282,192
690,192,289
691,289,180
692,180,12
693,12,181
694,181,278
695,278,195
696,195,281
697,281,160
698,160,287
699,287,156
700,156,285
701,285,168
702,168,299
703,299,178
704,178,271
705,271,204
706,204,265
707,265,54
708,54,267
709,267,214
710,214,263
711,263,61
712,61,234
713,234,42
714,42,222
715,222,256
716,256,53
717,53,266
718,266,199
719,199,275
720,275,209
721,209,34
722,34,207
723,207,254
724,254,70
725,70,197
726,197,73
727,73,250
728,250,88
729,88,247
730,247,226
731,226,68
732,68,197
733,197,64
734,64,260
735,260,59
736,59,241
737,241,66
738,66,256
739,256,58
740,58,264
741,264,159
742,159,282
743,282,180
744,180,274
745,274,212
746,212,41
747,41,224
748,224,60
749,60,251
750,251,145
751,145,249
752,249,219
753,219,62
754,62,221
755,221,76
756,76,218
757,218,75
758,75,228
759,228,39
760,39,225
761,225,248
762,248,75
763,75,225
764,225,233
765,233,122
766,122,236
767,236,123
768,123,234
769,234,32
770,32,236
771,236,59
772,59,254
773,254,85
774,85,231
775,231,119
776,119,232
777,232,69
778,69,255
779,255,75
780,75,243
781,243,135
782,135,241
783,241,73
784,73,257
785,257,65
786,65,259
787,259,58
788,58,261
789,261,54
790,54,264
791,264,51
792,51,265
793,265,209
794,209,38
795,38,235
796,235,134
797,134,244
798,244,187
799,187,12
800,12,203
801,203,282
802,282,168
803,168,296
804,296,203
805,203,278
806,278,197
807,197,71
808,71,251
809,251,87
810,87,245
811,245,186
812,186,73
813,73,189
814,189,61
815,61,250
816,250,74
817,74,222
818,222,78
819,78,253
820,253,70
821,70,225
822,225,63
823,63,197
824,197,72
825,72,261
826,261,55
827,55,224
828,224,76
829,76,254
830,254,147
831,147,252
832,252,221
833,221,67
834,67,59
835,59,243
836,243,137
837,137,244
838,244,58
839,58,267
840,267,52
841,52,263
842,263,66
843,66,246
844,246,196
845,196,17
846,17,190
847,190,74
848,74,188
849,188,293
850,293,166
851,166,0
852,0,172
853,172,5
854,5,191
855,191,282
856,282,195
857,195,291
858,291,157
859,157,284
860,284,163
861,163,280
862,280,197
863,197,69
864,69,229
865,229,115
866,115,230
867,230,67
868,67,198
869,198,288
870,288,155
871,155,286
872,286,178
873,178,7
874,7,183
875,183,294
876,294,204
877,204,260
878,260,212
879,212,53
880,53,269
881,269,198
882,198,277
883,277,206
884,206,258
885,258,217
886,217,75
887,75,232
888,232,34
889,34,224
890,224,235
891,235,60
892,60,264
893,264,64
894,64,230
895,230,80
896,80,252
897,252,86
898,86,259
899,259,70
900,70,187
901,187,282
902,282,176
903,176,11
904,11,181
905,181,299
906,299,174
907,174,4
908,4,194
909,194,21
910,21,222
911,222,70
912,70,263
913,263,57
914,57,268
915,268,202
916,202,283
917,283,173
918,173,8
919,8,192
920,192,15
921,15,204
922,204,280
923,280,193
924,193,65
925,65,190
926,190,284
927,284,158
928,158,262
929,262,211
930,211,252
931,252,90
932,90,250
933,250,214
934,214,58
935,58,255
936,255,54
937,54,229
938,229,117
939,117,232
940,232,45
941,45,211
942,211,5
943,5,186
944,186,74
945,74,197
946,197,62
947,62,262
948,262,68
949,68,255
950,255,73
951,73,207
952,207,265
953,265,57
954,57,260
955,260,170
956,170,284
957,284,154
958,154,289
959,289,185
960,185,70
961,70,194
962,194,299
963,299,164
964,164,295
965,295,194
966,194,286
967,286,186
968,186,69
969,69,260
970,260,98
971,98,258
972,258,71
973,71,202
974,202,254
975,254,79
976,79,222
977,222,64
978,64,259
979,259,216
980,216,246
981,246,138
982,138,243
983,243,78
984,78,246
985,246,75
986,75,208
987,208,253
988,253,146
989,146,251
990,251,83
991,83,197
992,197,19
993,19,194
994,194,268
995,268,54
996,54,262
997,262,97
998,97,256
999,256,74
1000,74,225
1001,225,30
1002,30,235
1003,235,126
1004,126,237
1005,237,129
1006,129,239
1007,239,60
1008,60,187
1009,187,75
1010,75,197
1011,197,87
1012,87,249
1013,249,59
1014,59,188
1015,188,67
1016,67,261
1017,261,166
1018,166,290
1019,290,178
1020,178,12
1021,12,202
1022,202,272
1023,272,206
1024,206,275
1025,275,194
1026,194,279
1027,279,201
1028,201,68
1029,68,256
1030,256,86
1031,86,226
1032,226,62
1033,62,260
1034,260,60
1035,60,231
1036,231,36
1037,36,210
1038,210,264
1039,264,59
1040,59,237
1041,237,216
1042,216,75
1043,75,191
1044,191,19
1045,19,207
1046,207,267
1047,267,55
1048,55,266
1049,266,57
1050,57,215
1051,215,238
1052,238,130
1053,130,232
1054,232,115
1055,115,231
1056,231,63
1057,63,198
1058,198,65
1059,65,189
1060,189,280
1061,280,179
1062,179,6
1063,6,174
1064,174,291
1065,291,193
1066,193,2
1067,2,180
1068,180,297
1069,297,167
1070,167,0
1071,0,190
1072,190,73
1073,73,228
1074,228,46
1075,46,208
1076,208,271
1077,271,54
1078,54,269
1079,269,56
1080,56,251
1081,251,212
1082,212,43
1083,43,237
1084,237,61
1085,61,69
1086,69,195
1087,195,255
1088,255,90
1089,90,253
1090,253,80
1091,80,232
1092,232,88
1093,88,246
1094,246,71
1095,71,188
1096,188,78
1097,78,224
1098,224,40
1099,40,231
1100,231,120
1101,120,235
1102,235,33
1103,33,195
1104,195,273
1105,273,86
1106,86,253
1107,253,196
1108,196,35
1109,35,213
1110,213,268
1111,268,204
1112,204,69
1113,69,223
1114,223,76
1115,76,242
1116,242,133
1117,133,234
1118,234,62
1119,62,227
1120,227,75
1121,75,186
1122,186,60
1123,60,262
1124,262,95
1125,95,260
1126,260,67
1127,67,258
1128,258,70
1129,70,203
1130,203,9
1131,9,178
1132,178,284
1133,284,167
1134,167,278
1135,278,156
1136,156,292
1137,292,159
1138,159,284
1139,284,152
1140,152,277
1141,277,161
1142,161,280
1143,280,191
1144,191,63
1145,63,259
1146,259,96
1147,96,253
1148,253,71
1149,71,193
1150,193,20
1151,20,203
1152,203,274
1153,274,175
1154,175,267
1155,267,57
1156,57,261
1157,261,215
1158,215,60
1159,60,197
1160,197,85
1161,85,233
1162,233,73
1163,73,201
1164,201,269
1165,269,55
1166,55,252
1167,252,143
1168,143,246
1169,246,58
1170,58,265
1171,265,63
1172,63,193
1173,193,12
1174,12,179
1175,179,5
1176,5,194
1177,194,73
1178,73,187
1179,187,74
1180,74,249
1181,249,140
1182,140,248
1183,248,220
1184,220,52
1185,52,268
1186,268,209
1187,209,250
1188,250,58
1189,58,228
1190,228,117
1191,117,230
1192,230,222
1193,222,77
1194,77,186
1195,186,76
1196,76,210
1197,210,49
1198,49,258
1199,258,64
1200,64,225
1201,225,65
1202,65,264
1203,264,86
1204,86,195
1205,195,271
1206,271,55
1207,55,268
1208,268,169
1209,169,295
1210,295,182
1211,182,276
1212,276,194
1213,194,293
1214,293,171
1215,171,6
1216,6,203
1217,203,252
1218,252,73
1219,73,200
1220,200,274
1221,274,197
1222,197,80
1223,80,256
1224,256,73
1225,73,209
1226,209,29
1227,29,233
1228,233,45
1229,45,245
1230,245,197
1231,197,88
1232,88,248
1233,248,144
1234,144,253
1235,253,73
1236,73,239
1237,239,132
1238,132,243
1239,243,60
1240,60,70
1241,70,206
1242,206,290
1243,290,162
1244,162,296
1245,296,159
1246,159,294
1247,294,165
1248,165,2
1249,2,203
1250,203,75
1251,75,189
1252,189,66
1253,66,264
1254,264,211
1255,211,44
1256,44,206
1257,206,75
1258,75,233
1259,233,21
1260,21,228
1261,228,116
1262,116,268
1263,268,56
1264,56,266
1265,266,59
1266,59,239
1267,239,214
1268,214,29
1269,29,207
1270,207,69
1271,69,254
1272,254,48
1273,48,219
1274,219,257
1275,257,71
1276,71,215
1277,215,249
1278,249,89
1279,89,256
1280,256,67
1281,67,189
1282,189,74
1283,74,192
1284,192,20
1285,20,210
1286,210,286
1287,286,182
1288,182,281
1289,281,194
1290,194,17
1291,17,226
1292,226,63
1293,63,233
1294,233,125
1295,125,237
1296,237,136
1297,136,288
1298,288,176
1299,176,7
1300,7,194
1301,194,278
1302,278,170
1303,170,283
1304,283,166
1305,166,1
1306,1,194
1307,194,69
1308,69,216
1309,216,235
1310,235,61
1311,61,190
1312,190,81
1313,81,197
1314,197,61
1315,61,260
1316,260,68
1317,68,230
1318,230,127
1319,127,277
1320,277,180
1321,180,291
1322,291,160
1323,160,284
1324,284,134
1325,134,240
1326,240,128
1327,128,231
1328,231,86
1329,86,224
1330,224,26
1331,26,206
1332,206,270
1333,270,53
1334,53,263
1335,263,212
1336,212,25
1337,25,233
1338,233,34
1339,34,219
1340,219,75
1341,75,244
1342,244,132
1343,132,284
1344,284,155
1345,155,293
1346,293,206
1347,206,274
1348,274,194
1349,194,86
1350,86,197
1351,197,77
1352,77,189
1353,189,62
1354,62,264
1355,264,208
1356,208,38
1357,38,197
1358,197,84
1359,84,264
1360,264,174
1361,174,9
1362,9,172
1363,172,280
1364,280,130
1365,130,281
1366,281,170
1367,170,274
1368,274,86
1369,86,250
1370,250,69
1371,69,259
1372,259,213
1373,213,55
1374,55,259
1375,259,99
1376,99,261
1377,261,253
1378,253,98
1379,98,264
1380,264,196
1381,196,270
1382,270,54
1383,54,272
1384,272,203
1385,203,72
1386,72,221
1387,221,247
1388,247,70
1389,70,186
1390,186,78
1391,78,189
1392,189,72
1393,72,201
1394,201,273
1395,273,176
1396,176,276
1397,276,163
1398,163,289
1399,289,170
1400,170,287
1401,287,192
1402,192,280
1403,280,196
1404,196,251
1405,251,58
1406,58,232
1407,232,35
1408,35,206
1409,206,267
1410,267,56
1411,56,262
1412,262,209
1413,209,47
1414,47,226
1415,226,246
1416,246,73
1417,73,198
1418,198,270
1419,270,204
1420,204,71
1421,71,229
1422,229,126
1423,126,276
1424,276,197
1425,197,76
1426,76,187
1427,187,79
1428,79,186
1429,186,80
1430,80,226
1431,226,36
1432,36,197
1433,197,59
1434,59,190
1435,190,64
1436,64,219
1437,219,252
1438,252,210
1439,210,72
1440,72,228
1441,228,118
1442,118,269
1443,269,207
1444,207,33
1445,33,239
1446,239,61
1447,61,265
1448,265,64
1449,64,195
1450,195,85
1451,85,224
1452,224,67
1453,67,263
1454,263,96
1455,96,250
1456,250,140
1457,140,236
1458,236,227
1459,227,61
1460,61,242
1461,242,141
1462,141,248
1463,248,60
1464,60,265
1465,265,208
1466,208,67
1467,67,187
1468,187,281
1469,281,150
1470,150,286
1471,286,157
1472,157,280
1473,280,151
1474,151,285
1475,285,195
1476,195,87
1477,87,252
1478,252,57
1479,57,257
1480,257,207
1481,207,45
1482,45,204
1483,204,75
1484,75,192
1485,192,9
1486,9,182
1487,182,14
1488,14,190
1489,190,12
1490,12,194
1491,194,297
1492,297,158
1493,158,295
1494,295,202
1495,202,75
1496,75,223
1497,223,246
1498,246,60
1499,60,229
1500,229,63
1501,63,220
1502,220,23
1503,23,194
1504,194,8
1505,8,175
1506,175,282
1507,282,181
1508,181,65
1509,65,194
1510,194,291
1511,291,153
1512,153,278
1513,278,196
1514,196,277
1515,277,200
1516,200,75
1517,75,188
1518,188,64
1519,64,199
1520,199,67
1521,67,232
1522,232,30
1523,30,236
1524,236,135
1525,135,244
1526,244,169
1527,169,7
1528,7,201
1529,201,33
1530,33,251
1531,251,222
1532,222,41
1533,41,203
1534,203,4
1535,4,184
1536,184,11
1537,11,212
1538,212,261
1539,261,94
1540,94,206
1541,206,0
1542,0,194
1543,194,77
1544,77,187
1545,187,78
1546,78,260
1547,260,216
1548,216,66
1549,66,212
1550,212,268
1551,268,59
1552,59,250
1553,250,72
1554,72,206
1555,206,279
1556,279,174
1557,174,10
1558,10,194
1559,194,74
1560,74,242
1561,242,69
1562,69,61
1563,61,261
1564,261,198
1565,198,85
1566,85,192
1567,192,69
1568,69,189
1569,189,17
1570,17,228
1571,228,114
1572,114,230
1573,230,121
1574,121,237
1575,237,62
1576,62,256
1577,256,57
1578,57,273
1579,273,198
1580,198,68
1581,68,254
1582,254,100
1583,100,258
1584,258,218
1585,218,31
1586,31,194
1587,194,296
1588,296,206
1589,206,264
1590,264,43
1591,43,213
1592,213,63
1593,63,241
1594,241,129
1595,129,280
1596,280,165
1597,165,283
1598,283,161
1599,161,297
1600,297,174
1601,174,1
1602,1,163
1603,163,295
1604,295,209
1605,209,256
1606,256,221
1607,221,237
1608,237,137
1609,137,290
1610,290,168
1611,168,257
1612,257,56
1613,56,272
1614,272,58
1615,58,269
1616,269,116
1617,116,267
1618,267,59
1619,59,72
1620,72,188
1621,188,84
1622,84,253
1623,253,92
1624,92,207
1625,207,263
1626,263,60
1627,60,242
1628,242,58
1629,58,245
1630,245,227
1631,227,64
1632,64,205
1633,205,75
1634,75,211
1635,211,254
1636,254,66
1637,66,193
1638,193,62
1639,62,233
1640,233,88
1641,88,195
1642,195,83
1643,83,198
1644,198,280
1645,280,185
1646,185,74
1647,74,235
1648,235,139
1649,139,240
1650,240,143
1651,143,254
1652,254,72
1653,72,217
1654,217,65
1655,65,220
1656,220,60
1657,60,234
1658,234,115
1659,115,236
1660,236,48
1661,48,255
1662,255,57
1663,57,271
1664,271,53
1665,53,233
1666,233,65
1667,65,201
1668,201,67
1669,67,262
1670,262,86
1671,86,275
1672,275,182
1673,182,296
1674,296,175
1675,175,278
1676,278,126
1677,126,236
1678,236,29
1679,29,210
1680,210,248
1681,248,90
1682,90,251
1683,251,142
1684,142,238
1685,238,124
1686,124,228
1687,228,35
1688,35,256
1689,256,64
1690,64,223
1691,223,231
1692,231,118
1693,118,271
1694,271,203
1695,203,268
1696,268,51
1697,51,266
1698,266,162
1699,162,2
1700,2,206
1701,206,93
1702,93,260
1703,260,53
1704,53,214
1705,214,75
1706,75,190
1707,190,70
1708,70,238
1709,238,61
1710,61,194
1711,194,15
1712,15,189
1713,189,71
1714,71,63
1715,63,262
1716,262,215
1717,215,81
1718,81,187
1719,187,80
1720,80,198
1721,198,75
1722,75,226
1723,226,71
1724,71,198
1725,198,272
1726,272,55
1727,55,270
1728,270,205
1729,205,68
1730,68,251
1731,251,74
1732,74,206
1733,206,266
1734,266,60
1735,60,253
1736,253,217
1737,217,74
1738,74,183
1739,183,282
1740,282,132
1741,132,230
1742,230,62
1743,62,199
1744,199,38
1745,38,244
1746,244,87
1747,87,196
1748,196,290
1749,290,159
1750,159,299
1751,299,170
1752,170,282
1753,282,193
1754,193,18
1755,18,233
1756,233,131
1757,131,241
1758,241,45
1759,45,265
1760,265,83
1761,83,187
1762,187,72
1763,72,195
1764,195,280
1765,280,203
1766,203,13
1767,13,178
1768,178,10
1769,10,172
1770,172,282
1771,282,177
1772,177,299
1773,299,207
1774,207,66
1775,66,190
1776,190,78
1777,78,197
1778,197,277
1779,277,87
1780,87,193
1781,193,8
1782,8,168
1783,168,283
1784,283,130
1785,130,239
1786,239,69
1787,69,198
1788,198,274
1789,274,201
1790,201,272
1791,272,204
1792,204,266
1793,266,117
1794,117,276
1795,276,157
1796,157,297
1797,297,190
1798,190,281
1799,281,149
1800,149,284
1801,284,162
1802,162,280
1803,280,200
1804,200,37
1805,37,209
1806,209,94
1807,94,251
1808,251,259
1809,259,217
1810,217,67
1811,67,253
1812,253,85
1813,85,226
1814,226,67
1815,67,214
1816,214,61
1817,61,259
1818,259,72
1819,72,198
1820,198,64
1821,64,240
1822,240,60
1823,60,218
1824,218,250
1825,250,223
1826,223,236
1827,236,129
1828,129,229
1829,229,64
1830,64,263
1831,263,41
1832,41,215
1833,215,75
1834,75,184
1835,184,80
1836,80,188
1837,188,77
1838,77,191
1839,191,69
1840,69,218
1841,218,26
1842,26,194
1843,194,75
1844,75,213
1845,213,264
1846,264,48
1847,48,206
1848,206,259
1849,259,54
1850,54,257
1851,257,101
1852,101,262
1853,262,50
1854,50,210
1855,210,261
1856,261,52
1857,52,235
1858,235,227
1859,227,22
1860,22,194
1861,194,3
1862,3,166
1863,166,292
1864,292,192
1865,192,76
1866,76,189
1867,189,79
1868,79,185
1869,185,282
1870,282,188
1871,188,79
1872,79,184
1873,184,270
1874,270,57
1875,57,246
1876,246,134
1877,134,286
1878,286,135
1879,135,285
1880,285,197
1881,197,275
1882,275,127
1883,127,234
1884,234,64
1885,64,194
1886,194,68
1887,68,223
1888,223,36
1889,36,219
1890,219,248
1891,248,57
1892,57,269
1893,269,59
1894,59,67
1895,67,75
1896,75,209
1897,209,269
1898,269,203
1899,203,93
1900,93,205
1901,205,70
1902,70,189
1903,189,18
1904,18,229
1905,229,111
1906,111,228
1907,228,220
1908,220,31
1909,31,231
1910,231,67
1911,67,240
1912,240,76
1913,76,198
1914,198,60
1915,60,230
1916,230,70
1917,70,216
1918,216,40
1919,40,264
1920,264,61
1921,61,245
1922,245,74
1923,74,228
1924,228,115
1925,115,233
1926,233,23
1927,23,203
1928,203,45
1929,45,262
1930,262,207
1931,207,68
1932,68,219
1933,219,47
1934,47,251
1935,251,99
1936,99,263
1937,263,160
1938,160,298
1939,298,194
1940,194,76
1941,76,188
1942,188,85
1943,85,187
1944,187,84
1945,84,195
1946,195,289
1947,289,156
1948,156,280
1949,280,152
1950,152,259
1951,259,80
1952,80,245
1953,245,135
1954,135,231
1955,231,48
1956,48,208
1957,208,257
1958,257,64
1959,64,255
1960,255,65
1961,65,228
1962,228,33
1963,33,194
1964,194,67
1965,67,246
1966,246,64
1967,64,261
1968,261,36
1969,36,255
1970,255,215
1971,215,72
1972,72,194
1973,194,79
1974,79,190
1975,190,84
1976,84,234
1977,234,21
1978,21,197
1979,197,58
1980,58,73
1981,73,225
1982,225,66
1983,66,198
1984,198,74
1985,74,204
1986,204,276
1987,276,86
1988,86,233
1989,233,40
1990,40,212
1991,212,75
1992,75,201
1993,201,71
1994,71,245
1995,245,141
1996,141,243
1997,243,86
1998,86,187
1999,187,82
2000,82,254
2001,254,56
2002,56,258
2003,258,63
2004,63,236
2005,236,120
2006,120,223
2007,223,122
2008,122,231
2009,231,114
2010,114,236
2011,236,37
2012,37,216
2013,216,251
2014,251,57
2015,57,212
2016,212,64
2017,64,248
2018,248,59
2019,59,242
2020,242,145
2021,145,237
2022,237,28
2023,28,207
2024,207,75
2025,75,196
2026,196,281
2027,281,151
2028,151,292
2029,292,154
2030,154,287
2031,287,133
2032,133,286
2033,286,162
2034,162,262
2035,262,41
2036,41,210
2037,210,240
2038,240,163
2039,163,251
2040,251,38
2041,38,263
2042,263,49
2043,49,254
2044,254,74
2045,74,224
2046,224,123
2047,123,271
2048,271,56
2049,56,256
2050,256,214
2051,214,81
2052,81,188
2053,188,73
2054,73,218
2055,218,61
2056,61,247
2057,247,33
2058,33,200
2059,200,276
2060,276,206
2061,206,69
2062,69,190
2063,190,76
2064,76,191
2065,191,32
2066,32,253
2067,253,75
2068,75,193
2069,193,279
2070,279,196
2071,196,294
2072,294,188
2073,188,83
2074,83,224
2075,224,249
2076,249,58
2077,58,270
2078,270,207
2079,207,65
2080,65,195
2081,195,75
2082,75,199
2083,199,272
2084,272,53
2085,53,259
2086,259,45
2087,45,266
2088,266,116
2089,116,232
2090,232,66
2091,66,227
2092,227,117
2093,117,272
2094,272,116
2095,116,230
2096,230,41
2097,41,202
2098,202,74
2099,74,234
2100,234,114
2101,114,232
2102,232,64
2103,64,202
2104,202,33
2105,33,243
2106,243,58
2107,58,234
2108,234,89
2109,89,197
2110,197,79
2111,79,192
2112,192,6
2113,6,181
2114,181,285
2115,285,175
2116,175,275
2117,275,159
2118,159,2
2119,2,168
2120,168,288
2121,288,159
2122,159,291
2123,291,152
2124,152,256
2125,256,248
2126,248,32
2127,32,203
2128,203,289
2129,289,137
2130,137,232
2131,232,60
2132,60,267
2133,267,210
2134,210,256
2135,256,71
2136,71,208
2137,208,268
2138,268,205
2139,205,9
2140,9,226
2141,226,69
2142,69,214
2143,214,260
2144,260,100
2145,100,256
2146,256,42
2147,42,201
2148,201,61
2149,61,262
2150,262,210
2151,210,75
2152,75,183
2153,183,76
2154,76,185
2155,185,80
2156,80,189
2157,189,81
2158,81,184
2159,184,8
2160,8,178
2161,178,14
2162,14,191
2163,191,65
2164,65,218
2165,218,231
2166,231,139
2167,139,250
2168,250,87
2169,87,194
2170,194,16
2171,16,203
2172,203,69
2173,69,193
2174,193,286
2175,286,174
2176,174,13
2177,13,194
2178,194,62
2179,62,242
2180,242,66
2181,66,255
2182,255,55
2183,55,273
2184,273,56
2185,56,270
2186,270,201
2187,201,69
2188,69,209
2189,209,42
2190,42,265
2191,265,46
2192,46,236
2193,236,35
2194,35,223
2195,223,121
2196,121,269
2197,269,60
2198,60,68
2199,68,221
2200,221,246
2201,246,62
2202,62,259
2203,259,85
2204,85,189
2205,189,16
2206,16,186
2207,186,273
2208,273,197
2209,197,82
2210,82,251
2211,251,263
2212,263,47
2213,47,222
2214,222,118
2215,118,227
2216,227,213
2217,213,56
2218,56,250
2219,250,137
2220,137,236
2221,236,51
2222,51,259
2223,259,101
2224,101,255
2225,255,81
2226,81,233
2227,233,59
2228,59,270
2229,270,116
2230,116,211
2231,211,65
2232,65,243
2233,243,129
2234,129,282
2235,282,148
2236,148,249
2237,249,90
2238,90,233
2239,233,135
2240,135,287
2241,287,159
2242,159,0
2243,0,203
2244,203,25
2245,25,244
2246,244,142
2247,142,250
2248,250,161
2249,161,274
2250,274,182
2251,182,284
2252,284,165
2253,165,5
2254,5,193
2255,193,76
2256,76,201
2257,201,74
2258,74,200
2259,200,285
2260,285,160
2261,160,276
2262,276,196
2263,196,84
2264,84,186
2265,186,85
2266,85,194
2267,194,66
2268,66,235
2269,235,58
2270,58,247
2271,247,60
2272,60,195
2273,195,61
2274,61,216
2275,216,253
2276,253,55
2277,55,258
2278,258,65
2279,65,204
2280,204,10
2281,10,187
2282,187,87
2283,87,192
2284,192,78
2285,78,198
2286,198,38
2287,38,260
2288,260,49
2289,49,218
2290,218,252
2291,252,262
2292,262,175
2293,175,240
2294,240,125
2295,125,277
2296,277,154
2297,154,290
2298,290,195
2299,195,277
2300,277,118
2301,118,265
2302,265,206
2303,206,66
2304,66,201
2305,201,70
2306,70,59
2307,59,222
2308,222,36
2309,36,227
2310,227,115
2311,115,238
2312,238,248
2313,248,171
2314,171,280
2315,280,127
2316,127,242
2317,242,224
2318,224,80
2319,80,190
2320,190,72
2321,72,232
2322,232,68
2323,68,215
2324,215,74
2325,74,240
2326,240,58
2327,58,273
2328,273,207
2329,207,50
2330,50,253
2331,253,68
2332,68,228
2333,228,62
2334,62,263
2335,263,43
2336,43,208
2337,208,260
2338,260,44
2339,44,266
2340,266,61
2341,61,207
2342,207,72
2343,72,192
2344,192,80
2345,80,191
2346,191,31
2347,31,236
2348,236,226
2349,226,74
2350,74,212
2351,212,253
2352,253,97
2353,97,258
2354,258,61
2355,61,73
2356,73,230
2357,230,129
2358,129,240
2359,240,46
2360,46,264
2361,264,95
2362,95,205
2363,205,280
2364,280,168
2365,168,272
2366,272,86
2367,86,188
2368,188,82
2369,82,184
2370,184,77
2371,77,190
2372,190,293
2373,293,154
2374,154,280
2375,280,117
2376,117,264
2377,264,49
2378,49,226
2379,226,70
2380,70,193
2381,193,68
2382,68,261
2383,261,71
2384,71,255
2385,255,62
2386,62,231
2387,231,141
2388,141,253
2389,253,209
2390,209,263
2391,263,37
2392,37,203
2393,203,73
2394,73,192
2395,192,77
2396,77,198
2397,198,268
2398,268,60
2399,60,219
2400,219,232
2401,232,61
2402,61,267
2403,267,170
2404,170,7
2405,7,205
2406,205,72
2407,72,225
2408,225,86
2409,86,255
2410,255,155
2411,155,290
2412,290,136
2413,136,286
2414,286,159
2415,159,293
2416,293,151
2417,151,284
2418,284,166
2419,166,299
2420,299,157
2421,157,240
2422,240,38
2423,38,234
2424,234,55
2425,55,63
2426,63,219
2427,219,74
2428,74,199
2429,199,69
2430,69,217
2431,217,233
2432,233,67
2433,67,239
2434,239,66
2435,66,251
2436,251,243
2437,243,168
2438,168,284
2439,284,193
2440,193,281
2441,281,198
2442,198,87
2443,87,190
2444,190,85
2445,85,232
2446,232,23
2447,23,207
2448,207,93
2449,93,253
2450,253,34
2451,34,227
2452,227,111
2453,111,231
2454,231,121
2455,121,222
2456,222,39
2457,39,216
2458,216,81
2459,81,186
2460,186,87
2461,87,275
2462,275,198
2463,198,81
2464,81,253
2465,253,261
2466,261,42
2467,42,202
2468,202,276
2469,276,205
2470,205,67
2471,67,193
2472,193,278
2473,278,177
2474,177,36
2475,36,194
2476,194,20
2477,20,233
2478,233,138
2479,138,244
2480,244,57
2481,57,272
2482,272,208
2483,208,62
2484,62,265
2485,265,41
2486,41,183
2487,183,69
2488,69,231
2489,231,131
2490,131,280
2491,280,159
2492,159,289
2493,289,151
2494,151,287
2495,287,164
2496,164,274
2497,274,116
2498,116,271
2499,271,59
2500,59,234
2501,234,121
2502,121,224
2503,224,125
2504,125,223
2505,223,255
2506,255,52
2507,52,253
2508,253,64
2509,64,207
2510,207,20
2511,20,198
2512,198,79
2513,79,191
2514,191,74
2515,74,229
2516,229,29
2517,29,170
2518,170,248
2519,248,96
2520,96,251
2521,251,55
2522,55,236
2523,236,118
2524,118,268
2525,268,98
2526,98,252
2527,252,213
2528,213,64
2529,64,216
2530,216,248
2531,248,262
2532,262,49
2533,49,269
2534,269,208
2535,208,32
2536,32,194
2537,194,25
2538,25,230
2539,230,222
2540,222,73
2541,73,63
2542,63,254
2543,254,210
2544,210,265
2545,265,198
2546,198,84
2547,84,189
2548,189,82
2549,82,190
2550,190,62
2551,62,244
2552,244,44
2553,44,196
2554,196,47
2555,47,208
2556,208,296
2557,296,180
2558,180,299
2559,299,158
2560,158,0
2561,0,179
2562,179,7
2563,7,165
2564,165,262
2565,262,214
2566,214,74
2567,74,193
2568,193,77
2569,77,200
2570,200,72
2571,72,245
2572,245,133
2573,133,284
2574,284,196
2575,196,273
2576,273,204
2577,204,68
2578,68,243
2579,243,216
2580,216,258
2581,258,53
2582,53,248
2583,248,55
2584,55,257
2585,257,62
2586,62,224
2587,224,119
2588,119,229
2589,229,131
2590,131,285
2591,285,192
2592,192,81
2593,81,191
2594,191,78
2595,78,184
2596,184,42
2597,42,264
2598,264,67
2599,67,195
2600,195,76
2601,76,205
2602,205,63
2603,63,223
2604,223,72
2605,72,193
2606,193,79
2607,79,182
2608,182,282
2609,282,167
2610,167,9
2611,9,196
2612,196,32
2613,32,229
2614,229,237
2615,237,71
2616,71,194
2617,194,24
2618,24,234
2619,234,65
2620,65,202
2621,202,11
2622,11,174
2623,174,280
2624,280,169
2625,169,1
2626,1,202
2627,202,69
2628,69,251
2629,251,30
2630,30,221
2631,221,64
2632,64,210
2633,210,67
2634,67,206
2635,206,283
2636,283,169
2637,169,258
2638,258,45
2639,45,213
2640,213,8
2641,8,224
2642,224,56
2643,56,70
2644,70,195
2645,195,91
2646,91,254
2647,254,200
2648,200,76
2649,76,203
2650,203,18
2651,18,236
2652,236,40
2653,40,211
2654,211,118
2655,118,233
2656,233,60
2657,60,225
2658,225,240
2659,240,62
2660,62,216
2661,216,74
2662,74,184
2663,184,83
2664,83,189
2665,189,87
2666,87,188
2667,188,46
2668,46,248
2669,248,137
2670,137,245
2671,245,26
2672,26,166
2673,166,286
2674,286,156
2675,156,0
2676,0,174
2677,174,16
2678,16,210
2679,210,251
2680,251,214
2681,214,2
2682,2,205
2683,205,69
2684,69,196
2685,196,283
2686,283,193
2687,193,33
2688,33,255
2689,255,47
2690,47,264
2691,264,203
2692,203,74
2693,74,195
2694,195,79
2695,79,234
2696,234,57
2697,57,247
2698,247,69
2699,69,57
2700,57,241
2701,241,217
2702,217,60
2703,60,209
2704,209,292
2705,292,138
2706,138,251
2707,251,34
2708,34,258
2709,258,51
2710,51,267
2711,267,117
2712,117,269
2713,269,197
2714,197,92
2715,92,205
2716,205,73
2717,73,199
2718,199,76
2719,76,251
2720,251,100
2721,100,267
2722,267,208
2723,208,65
2724,65,214
2725,214,223
2726,223,128
2727,128,282
2728,282,118
2729,118,264
2730,264,71
2731,71,205
2732,205,299
2733,299,190
2734,190,83
2735,83,186
2736,186,86
2737,86,189
2738,189,281
2739,281,131
2740,131,243
2741,243,145
2742,145,235
2743,235,211
2744,211,261
2745,261,96
2746,96,258
2747,258,69
2748,69,200
2749,200,24
2750,24,218
2751,218,240
2752,240,72
2753,72,227
2754,227,69
2755,69,253
2756,253,54
2757,54,273
2758,273,59
2759,59,226
2760,226,111
2761,111,232
2762,232,141
2763,141,246
2764,246,87
2765,87,274
2766,274,168
2767,168,4
2768,4,193
2769,193,78
2770,78,195
2771,195,77
2772,77,185
2773,185,75
2774,75,239
2775,239,247
2776,247,56
2777,56,252
2778,252,99
2779,99,257
2780,257,175
2781,175,33
2782,33,205
2783,205,273
2784,273,202
2785,202,67
2786,67,76
2787,76,202
2788,202,43
2789,43,259
2790,259,49
2791,49,234
2792,234,29
2793,29,226
2794,226,19
2795,19,234
2796,234,137
2797,137,230
2798,230,63
2799,63,51
2800,51,208
2801,208,256
2802,256,63
2803,63,206
2804,206,65
2805,65,265
2806,265,40
2807,40,203
2808,203,66
2809,66,195
2810,195,279
2811,279,130
2812,130,282
2813,282,173
2814,173,12
2815,12,206
2816,206,59
2817,59,230
2818,230,111
2819,111,233
2820,233,28
2821,28,210
2822,210,46
2823,46,268
2824,268,61
2825,61,74
2826,74,258
2827,258,52
2828,52,269
2829,269,202
2830,202,93
2831,93,204
2832,204,73
2833,73,195
2834,195,81
2835,81,185
2836,185,84
2837,84,192
2838,192,83
2839,83,250
2840,250,70
2841,70,246
2842,246,59
2843,59,272
2844,272,197
2845,197,279
2846,279,179
2847,179,277
2848,277,85
2849,85,191
2850,191,286
2851,286,163
2852,163,283
2853,283,127
2854,127,224
2855,224,252
2856,252,65
2857,65,229
2858,229,114
2859,114,233
2860,233,61
2861,61,208
2862,208,35
2863,35,210
2864,210,69
2865,69,187
2866,187,88
2867,88,231
2868,231,142
2869,142,245
2870,245,89
2871,89,277
2872,277,86
2873,86,190
2874,190,291
2875,291,139
2876,139,243
2877,243,256
2878,256,264
2879,264,68
2880,68,195
2881,195,63
2882,63,266
2883,266,209
2884,209,255
2885,255,31
2886,31,232
2887,232,62
2888,62,266
2889,266,120
2890,120,272
2891,272,87
2892,87,235
2893,235,148
2894,148,286
2895,286,160
2896,160,238
2897,238,230
2898,230,72
2899,72,202
2900,202,20
2901,20,181
2902,181,78
2903,78,182
2904,182,277
2905,277,193
2906,193,80
2907,80,231
2908,231,71
2909,71,195
2910,195,275
2911,275,118
2912,118,229
2913,229,80
2914,80,195
2915,195,34
2916,34,174
2917,174,5
2918,5,202
2919,202,274
2920,274,208
2921,208,69
2922,69,241
2923,241,58
2924,58,271
2925,271,52
2926,52,44
2927,44,265
2928,265,211
2929,211,219
2930,219,228
2931,228,240
2932,240,71
2933,71,200
2934,200,67
2935,67,54
2936,54,256
2937,256,65
2938,65,246
2939,246,85
2940,85,185
2941,185,86
2942,86,223
2943,223,123
2944,123,213
2945,213,121
2946,121,236
2947,236,58
2948,58,212
2949,212,23
2950,23,245
2951,245,40
2952,40,215
2953,215,64
2954,64,266
2955,266,43
2956,43,241
2957,241,133
2958,133,229
2959,229,68
2960,68,206
2961,206,32
2962,32,172
2963,172,283
2964,283,118
2965,118,223
2966,223,81
2967,81,228
2968,228,70
2969,70,199
2970,199,77
2971,77,183
2972,183,295
2973,295,153
2974,153,284
2975,284,147
2976,147,275
2977,275,200
2978,200,8
2979,8,174
2980,174,14
2981,14,172
2982,172,263
2983,263,95
2984,95,259
2985,259,247
2986,247,35
2987,35,27
2988,27,244
2989,244,144
2990,144,249
2991,249,56
2992,56,230
2993,230,45
2994,45,264
2995,264,212
2996,212,242
2997,242,176
2998,176,280
2999,280,128
3000,128,213
3001,213,52
3002,52,259
3003,259,150
3004,150,233
3005,233,46
3006,46,224
3007,224,77
3008,77,196
3009,196,275
3010,275,125
3011,125,228
3012,228,119
3013,119,238
3014,238,62
3015,62,212
3016,212,94
3017,94,263
3018,263,48
3019,48,260
3020,260,37
3021,37,258
3022,258,85
3023,85,276
3024,276,156
3025,156,290
3026,290,139
3027,139,251
3028,251,101
3029,101,253
3030,253,95
3031,95,261
3032,261,243
3033,243,57
3034,57,197
3035,197,53
3036,53,43
3037,43,197
3038,197,23
3039,23,234
3040,234,52
3041,52,244
3042,244,130
3043,130,278
3044,278,159
3045,159,297
3046,297,179
3047,179,1
3048,1,157
3049,157,283
3050,283,171
3051,171,33
3052,33,219
3053,219,59
3054,59,195
3055,195,82
3056,82,192
3057,192,86
3058,86,191
3059,191,84
3060,84,223
3061,223,253
3062,253,265
3063,265,205
3064,205,269
3065,269,61
3066,61,52
3067,52,257
3068,257,103
3069,103,259
3070,259,215
3071,215,116
3072,116,273
3073,273,117
3074,117,212
3075,212,67
3076,67,241
3077,241,36
3078,36,262
3079,262,39
3080,39,250
3081,250,54
3082,54,252
3083,252,136
3084,136,287
3085,287,188
3086,188,88
3087,88,189
3088,189,13
3089,13,196
3090,196,76
3091,76,204
3092,204,70
3093,70,78
3094,78,194
3095,194,83
3096,83,191
3097,191,87
3098,87,276
3099,276,159
3100,159,259
3101,259,97
3102,97,250
3103,250,34
3104,34,42
3105,42,233
3106,233,69
3107,69,215
3108,215,230
3109,230,65
3110,65,205
3111,205,271
3112,271,207
3113,207,123
3114,123,222
3115,222,129
3116,129,245
3117,245,217
3118,217,62
3119,62,72
3120,72,199
3121,199,68
3122,68,187
3123,187,275
3124,275,88
3125,88,186
3126,186,82
3127,82,191
3128,191,72
3129,72,58
3130,58,231
3131,231,112
3132,112,226
3133,226,76
3134,76,225
3135,225,36
3136,36,235
3137,235,64
3138,64,247
3139,247,54
3140,54,211
3141,211,27
3142,27,236
3143,236,21
3144,21,201
3145,201,63
3146,63,211
3147,211,249
3148,249,99
3149,99,271
3150,271,61
3151,61,241
3152,241,154
3153,154,228
3154,228,66
3155,66,204
3156,204,3
3157,3,174
3158,174,298
3159,298,159
3160,159,295
3161,295,206
3162,206,56
3163,56,244
3164,244,65
3165,65,196
3166,196,73
3167,73,193
3168,193,82
3169,82,194
3170,194,80
3171,80,225
3172,225,247
3173,247,27
3174,27,165
3175,165,26
3176,26,168
3177,168,10
3178,10,211
3179,211,70
3180,70,262
3181,262,47
3182,47,253
3183,253,49
3184,49,270
3185,270,60
3186,60,273
3187,273,199
3188,199,78
3189,78,185
3190,185,82
3191,82,198
3192,198,278
3193,278,182
3194,182,0
3195,0,154
3196,154,281
3197,281,192
3198,192,284
3199,284,129
3200,129,214
3201,214,233
3202,233,241
3203,241,213
3204,213,261
3205,261,206
3206,206,64
3207,64,231
3208,231,110
3209,110,228
3210,228,245
3211,245,51
3212,51,212
3213,212,248
3214,248,256
3215,256,55
3216,55,233
3217,233,72
3218,72,204
3219,204,67
3220,67,219
3221,219,96
3222,96,255
3223,255,197
3224,197,22
3225,22,14
3226,14,212
3227,212,115
3228,115,206
3229,206,42
3230,42,50
3231,50,257
3232,257,53
3233,53,241
3234,241,62
3235,62,251
3236,251,150
3237,150,289
3238,289,135
3239,135,284
3240,284,126
3241,126,223
3242,223,78
3243,78,196
3244,196,71
3245,71,199
3246,199,277
3247,277,201
3248,201,77
3249,77,232
3250,232,65
3251,65,50
3252,50,268
3253,268,119
3254,119,223
3255,223,70
3256,70,200
3257,200,272
3258,272,88
3259,88,190
3260,190,30
3261,30,38
3262,38,181
3263,181,79
3264,79,230
3265,230,245
3266,245,36
3267,36,207
3268,207,48
3269,48,261
3270,261,119
3271,119,278
3272,278,117
3273,117,281
3274,281,179
3275,179,20
3276,20,212
3277,212,34
3278,34,260
3279,260,41
3280,41,234
3281,234,63
3282,63,215
3283,215,4
3284,4,141
3285,141,238
3286,238,60
3287,60,74
3288,74,233
3289,233,123
3290,123,226
3291,226,116
3292,116,203
3293,203,71
3294,71,186
3295,186,72
3296,72,196
3297,196,80
3298,80,223
3299,223,129
3300,129,231
3301,231,12
3302,12,167
3303,167,28
3304,28,235
3305,235,62
3306,62,267
3307,267,205
3308,205,66
3309,66,229
3310,229,76
3311,76,233
3312,233,64
3313,64,149
3314,149,290
3315,290,138
3316,138,249
3317,249,264
3318,264,119
3319,119,209
3320,209,41
3321,41,266
3322,266,67
3323,67,225
3324,225,132
3325,132,280
3326,280,173
3327,173,35
3328,35,194
3329,194,81
3330,81,222
3331,222,87
3332,87,185
3333,185,83
3334,83,193
3335,193,39
3336,39,27
3337,27,205
3338,205,251
3339,251,50
3340,50,233
3341,233,30
3342,30,194
3343,194,37
3344,37,243
3345,243,72
3346,72,235
3347,235,8
3348,8,0
3349,0,177
3350,177,279
3351,279,182
3352,182,42
3353,42,200
3354,200,64
3355,64,251
3356,251,29
3357,29,221
3358,221,134
3359,134,285
3360,285,167
3361,167,25
3362,25,245
3363,245,62
3364,62,146
3365,146,278
3366,278,124
3367,124,116
3368,116,237
3369,237,114
3370,114,238
3371,238,54
3372,54,236
3373,236,16
3374,16,176
3375,176,284
3376,284,169
3377,169,9
3378,9,212
3379,212,81
3380,81,193
3381,193,86
3382,86,257
3383,257,148
3384,148,64
3385,64,204
3386,204,121
3387,121,221
3388,221,75
3389,75,57
3390,57,232
3391,232,220
3392,220,66
3393,66,226
3394,226,239
3395,239,45
3396,45,263
3397,263,255
3398,255,53
3399,53,250
3400,250,263
3401,263,63
3402,63,71
3403,71,207
3404,207,21
3405,21,208
3406,208,217
3407,217,50
3408,50,263
3409,263,158
3410,158,234
3411,234,56
3412,56,246
3413,246,61
3414,61,253
3415,253,53
3416,53,244
3417,244,150
3418,150,280
3419,280,119
3420,119,206
3421,206,62
3422,62,239
3423,239,219
3424,219,85
3425,85,184
3426,184,73
3427,73,185
3428,185,277
3429,277,88
3430,88,191
3431,191,91
3432,91,189
3433,189,90
3434,90,188
3435,188,47
3436,47,267
3437,267,203
3438,203,68
3439,68,200
3440,200,65
3441,65,231
3442,231,117
3443,117,211
3444,211,95
3445,95,245
3446,245,157
3447,157,2
3448,2,148
3449,148,252
3450,252,165
3451,165,293
3452,293,139
3453,139,226
3454,226,79
3455,79,199
3456,199,81
3457,81,196
3458,196,274
3459,274,183
3460,183,78
3461,78,203
3462,203,55
3463,55,241
3464,241,15
3465,15,198
3466,198,88
3467,88,192
3468,192,71
3469,71,241
3470,241,65
3471,65,52
3472,52,41
3473,41,26
3474,26,17
3475,17,233
3476,233,38
3477,38,28
3478,28,249
3479,249,55
3480,55,225
3481,225,69
3482,69,263
3483,263,36
3484,36,258
3485,258,48
3486,48,270
3487,270,202
3488,202,271
3489,271,201
3490,201,78
3491,78,200
3492,200,38
3493,38,257
3494,257,218
3495,218,169
3496,169,286
3497,286,161
3498,161,238
3499,238,11
3500,11,178
3501,178,244
3502,244,265
3503,265,48
3504,48,241
3505,241,85
3506,85,193
3507,193,84
3508,84,184
3509,184,34
3510,34,243
3511,243,93
3512,93,255
3513,255,50
3514,50,209
3515,209,267
3516,267,254
3517,254,140
3518,140,292
3519,292,0
3520,0,164
3521,164,286
3522,286,154
3523,154,227
3524,227,73
3525,73,62
3526,62,205
3527,205,59
3528,59,212
3529,212,27
3530,27,194
3531,194,41
3532,41,192
3533,192,279
3534,279,181
3535,181,236
3536,236,49
3537,49,261
3538,261,102
3539,102,253
3540,253,51
3541,51,250
3542,250,80
3543,80,182
3544,182,43
3545,43,265
3546,265,39
3547,39,210
3548,210,33
3549,33,258
3550,258,46
3551,46,61
3552,61,76
3553,76,206
3554,206,22
3555,22,126
3556,126,209
3557,209,70
3558,70,257
3559,257,82
3560,82,224
3561,224,248
3562,248,62
3563,62,215
3564,215,265
3565,265,212
3566,212,55
3567,55,235
3568,235,114
3569,114,240
3570,240,140
3571,140,247
3572,247,260
3573,260,96
3574,96,268
3575,268,45
3576,45,260
3577,260,80
3578,80,199
3579,199,116
3580,116,227
3581,227,76
3582,76,208
3583,208,52
3584,52,251
3585,251,136
3586,136,225
3587,225,81
3588,81,258
3589,258,207
3590,207,60
3591,60,211
3592,211,122
3593,122,268
3594,268,143
3595,143,6
3596,6,17
3597,17,32
3598,32,212
3599,212,15
3600,15,153
3601,153,289
3602,289,160
3603,160,243
3604,243,126
3605,126,273
3606,273,99
3607,99,255
3608,255,78
3609,78,205
3610,205,123
3611,123,231
3612,231,74
3613,74,58
3614,58,239
3615,239,30
3616,30,214
3617,214,240
3618,240,137
3619,137,43
3620,43,33
3621,33,15
3622,15,177
3623,177,280
3624,280,155
3625,155,67
3626,67,229
3627,229,61
3628,61,144
3629,144,7
3630,7,174
3631,174,17
3632,17,210
3633,210,249
3634,249,57
3635,57,245
3636,245,171
3637,171,288
3638,288,135
3639,135,247
3640,247,29
3641,29,166
3642,166,6
3643,6,186
3644,186,89
3645,89,188
3646,188,92
3647,92,246
3648,246,55
3649,55,221
3650,221,213
3651,213,12
3652,12,0
3653,0,195
3654,195,62
3655,62,201
3656,201,118
3657,118,281
3658,281,129
3659,129,34
3660,34,254
3661,254,53
3662,53,228
3663,228,220
3664,220,238
3665,238,121
3666,121,226
3667,226,142
3668,142,295
3669,295,190
3670,190,89
3671,89,189
3672,189,45
3673,45,237
3674,237,228
3675,228,112
3676,112,227
3677,227,63
3678,63,232
3679,232,59
3680,59,216
3681,216,72
3682,72,185
3683,185,16
3684,16,227
3685,227,68
3686,68,202
3687,202,73
3688,73,191
3689,191,289
3690,289,158
3691,158,7
3692,7,213
3693,213,81
3694,81,262
3695,262,118
3696,118,127
3697,127,23
3698,23,202
3699,202,70
3700,70,196
3701,196,79
3702,79,183
3703,183,82
3704,82,196
3705,196,83
3706,83,248
3707,248,256
3708,256,52
3709,52,233
3710,233,117
3711,117,271
3712,271,51
3713,51,257
3714,257,48
3715,48,38
3716,38,133
3717,133,228
3718,228,71
3719,71,206
3720,206,262
3721,262,98
3722,98,221
3723,221,124
3724,124,266
3725,266,40
3726,40,261
3727,261,44
3728,44,264
3729,264,246
3730,246,170
3731,170,8
3732,8,16
3733,16,207
3734,207,67
3735,67,153
3736,153,292
3737,292,283
3738,283,275
3739,275,162
3740,162,240
3741,240,57
3742,57,208
3743,208,64
3744,64,193
3745,193,88
3746,88,194
3747,194,84
3748,84,277
3749,277,192
3750,192,288
3751,288,174
3752,174,283
3753,283,176
3754,176,32
3755,32,44
3756,44,258
3757,258,99
3758,99,253
3759,253,88
3760,88,245
3761,245,65
3762,65,199
3763,199,274
3764,274,193
3765,193,276
3766,276,183
3767,183,84
3768,84,224
3769,224,122
3770,122,206
3771,206,298
3772,298,145
3773,145,8
3774,8,157
3775,157,255
3776,255,51
3777,51,235
3778,235,71
3779,71,187
3780,187,240
3781,240,212
3782,212,259
3783,259,46
3784,46,244
3785,244,67
3786,67,75
3787,75,180
3788,180,292
3789,292,167
3790,167,29
3791,29,37
3792,37,264
3793,264,256
3794,256,32
3795,32,127
3796,127,211
3797,211,38
3798,38,203
3799,203,67
3800,67,50
3801,50,246
3802,246,132
3803,132,229
3804,229,112
3805,112,232
3806,232,90
3807,90,190
3808,190,5
3809,5,159
3810,159,247
3811,247,196
3812,196,74
3813,74,181
3814,181,80
3815,80,263
3816,263,205
3817,205,266
3818,266,69
3819,69,238
3820,238,214
3821,214,231
3822,231,179
3823,179,8
3824,8,23
3825,23,163
3826,163,274
3827,274,85
3828,85,278
3829,278,121
3830,121,271
3831,271,60
3832,60,274
3833,274,128
3834,128,116
3835,116,275
3836,275,117
3837,117,283
3838,283,133
3839,133,222
3840,222,230
3841,230,66
3842,66,152
3843,152,14
3844,14,195
3845,195,22
3846,22,236
3847,236,219
3848,219,57
3849,57,48
3850,48,214
3851,214,13
3852,13,207
3853,207,62
3854,62,173
3855,173,31
3856,31,18
3857,18,202
3858,202,77
3859,77,204
3860,204,267
3861,267,259
3862,259,251
3863,251,54
3864,54,249
3865,249,61
3866,61,252
3867,252,95
3868,95,215
3869,215,294
3870,294,153
3871,153,66
3872,66,151
3873,151,68
3874,68,196
3875,196,67
3876,67,235
3877,235,57
3878,57,230
3879,230,120
3880,120,204
3881,204,37
3882,37,212
3883,212,76
3884,76,184
3885,184,71
3886,71,225
3887,225,32
3888,32,231
3889,231,25
3890,25,215
3891,215,6
3892,6,295
3893,295,143
3894,143,5
3895,5,224
3896,224,64
3897,64,203
3898,203,52
3899,52,209
3900,209,63
3901,63,243
3902,243,179
3903,179,74
3904,74,221
3905,221,100
3906,100,250
3907,250,94
3908,94,195
3909,195,272
3910,272,150
3911,150,4
3912,4,61
3913,61,210
3914,210,266
3915,266,42
3916,42,23
3917,23,125
3918,125,20
3919,20,228
3920,228,217
3921,217,71
3922,71,185
3923,185,67
3924,67,79
3925,79,200
3926,200,271
3927,271,209
3928,209,115
3929,115,198
3930,198,111
3931,111,234
3932,234,299
3933,299,196
3934,196,85
3935,85,240
3936,240,261
3937,261,35
3938,35,234
3939,234,73
3940,73,206
3941,206,117
3942,117,279
3943,279,89
3944,89,192
3945,192,98
3946,98,259
3947,259,47
3948,47,258
3949,258,118
3950,118,270
3951,270,62
3952,62,196
3953,196,88
3954,88,257
3955,257,242
3956,242,130
3957,130,30
3958,30,245
3959,245,214
3960,214,36
3961,36,209
3962,209,28
3963,28,172
3964,172,286
3965,286,294
3966,294,5
3967,5,205
3968,205,29
3969,29,189
3970,189,92
3971,92,202
3972,202,78
3973,78,65
3974,65,237
3975,237,55
3976,55,70
3977,70,229
3978,229,164
3979,164,254
3980,254,52
3981,52,252
3982,252,53
3983,53,41
3984,41,207
3985,207,70
3986,70,188
3987,188,91
3988,91,203
3989,203,77
3990,77,60
3991,60,212
3992,212,246
3993,246,54
3994,54,213
3995,213,115
3996,115,243
3997,243,146
3998,146,138
3999,138,291
4000,291,154
4001,154,274
4002,274,58
4003,58,233
4004,233,244
4005,244,55
4006,55,240
4007,240,93
4008,93,195
4009,195,36
4010,36,12
4011,12,40
4012,40,27
4013,27,216
4014,216,147
4015,147,155
4016,155,299
4017,299,184
4018,184,278
4019,278,199
4020,199,83
4021,83,226
4022,226,114
4023,114,198
4024,198,271
4025,271,50
4026,50,266
4027,266,47
4028,47,238
4029,238,63
4030,63,48
4031,48,256
4032,256,51
4033,51,169
4034,169,161
4035,161,288
4036,288,196
4037,196,86
4038,86,232
4039,232,178
4040,178,282
4041,282,134
4042,134,37
4043,37,186
4044,186,90
4045,90,191
4046,191,89
4047,89,252
4048,252,209
4049,209,67
4050,67,213
4051,213,59
4052,59,225
4053,225,2
4054,2,139
4055,139,245
4056,245,136
4057,136,128
4058,128,224
4059,224,25
4060,25,7
4061,7,184
4062,184,14
4063,14,35
4064,35,128
4065,128,289
4066,289,187
4067,187,2
4068,2,147
4069,147,264
4070,264,74
4071,74,208
4072,208,68
4073,68,191
4074,191,281
4075,281,147
4076,147,297
4077,297,153
4078,153,161
4079,161,296
4080,296,179
4081,179,171
4082,171,35
4083,35,216
4084,216,261
4085,261,249
4086,249,52
4087,52,230
4088,230,251
4089,251,102
4090,102,280
4091,280,180
4092,180,79
4093,79,201
4094,201,84
4095,84,261
4096,261,46
4097,46,26
4098,26,201
4099,201,31
4100,31,45
4101,45,139
4102,139,254
4103,254,154
4104,154,237
4105,237,64
4106,64,196
4107,196,66
4108,66,217
4109,217,209
4110,209,257
4111,257,97
4112,97,264
4113,264,63
4114,63,246
4115,246,160
4116,160,73
4117,73,183
4118,183,72
4119,72,56
4120,56,211
4121,211,25
4122,25,236
4123,236,13
4124,13,172
4125,172,251
4126,251,140
4127,140,290
4128,290,0
4129,0,223
4130,223,117
4131,117,126
4132,126,31
4133,31,222
4134,222,208
4135,208,59
4136,59,274
4137,274,118
4138,118,230
4139,230,112
4140,112,198
4141,198,39
4142,39,132
4143,132,286
4144,286,277
4145,277,157
4146,157,288
4147,288,137
4148,137,292
4149,292,226
4150,226,57
4151,57,217
4152,217,242
4153,242,231
4154,231,158
4155,158,280
4156,280,103
4157,103,282
4158,282,131
4159,131,116
4160,116,233
4161,233,22
4162,22,10
4163,10,160
4164,160,297
4165,297,228
4166,228,79
4167,79,87
4168,87,273
4169,273,193
4170,193,89
4171,89,272
4172,272,169
4173,169,33
4174,33,6
4175,6,41
4176,41,250
4177,250,153
4178,153,144
4179,144,271
4180,271,196
4181,196,296
4182,296,189
4183,189,68
4184,68,225
4185,225,42
4186,42,204
4187,204,85
4188,85,235
4189,235,56
4190,56,245
4191,245,262
4192,262,72
4193,72,184
4194,184,86
4195,86,278
4196,278,118
4197,118,205
4198,205,74
4199,74,178
4200,178,280
4201,280,208
4202,208,200
4203,200,192
4204,192,67
4205,67,215
4206,215,58
4207,58,46
4208,46,269
4209,269,255
4210,255,265
4211,265,34
4212,34,241
4213,241,54
4214,54,71
4215,71,155
4216,155,4
4217,4,159
4218,159,283
4219,283,164
4220,164,8
4221,8,146
4222,146,63
4223,63,148
4224,148,225
4225,225,20
4226,20,123
4227,123,267
4228,267,43
4229,43,183
4230,183,80
4231,80,227
4232,227,55
4233,55,231
4234,231,144
4235,144,136
4236,136,44
4237,44,263
4238,263,215
4239,215,65
4240,65,8
4241,8,144
4242,144,215
4243,215,118
4244,118,273
4245,273,102
4246,102,258
4247,258,148
4248,148,263
4249,263,242
4250,242,64
4251,64,9
4252,9,179
4253,179,275
4254,275,85
4255,85,203
4256,203,291
4257,291,170
4258,170,271
4259,271,151
4260,151,13
4261,13,208
4262,208,233
4263,233,68
4264,68,186
4265,186,250
4266,250,242
4267,242,165
4268,165,30
4269,30,253
4270,253,48
4271,48,235
4272,235,221
4273,221,120
4274,120,211
4275,211,270
4276,270,209
4277,209,62
4278,62,45
4279,45,14
4280,14,205
4281,205,77
4282,77,214
4283,214,137
4284,137,125
4285,125,267
4286,267,63
4287,63,44
4288,44,182
4289,182,82
4290,82,199
4291,199,66
4292,66,208
4293,208,70
4294,70,236
4295,236,47
4296,47,244
4297,244,61
4298,61,273
4299,273,119
4300,119,202
4301,202,79
4302,79,233
4303,233,36
4304,36,200
4305,200,80
4306,80,264
4307,264,35
4308,35,219
4309,219,256
4310,256,46
4311,46,246
4312,246,199
4313,199,88
4314,88,254
4315,254,98
4316,98,189
4317,189,181
4318,181,295
4319,295,8
4320,8,209
4321,209,232
4322,232,293
4323,293,282
4324,282,117
4325,117,23
4326,23,33
4327,33,133
4328,133,251
4329,251,53
4330,53,61
4331,61,224
4332,224,115
4333,115,133
4334,133,279
4335,279,160
4336,160,217
4337,217,63
4338,63,203
4339,203,17
4340,17,43
4341,43,261
4342,261,161
4343,161,276
4344,276,128
4345,128,243
4346,243,266
4347,266,213
4348,213,93
4349,93,101
4350,101,275
4351,275,145
4352,145,157
4353,157,167
4354,167,280
4355,280,121
4356,121,218
4357,218,238
4358,238,59
4359,59,218
4360,218,21
4361,21,174
4362,174,12
4363,12,177
4364,177,2
4365,2,152
4366,152,270
4367,270,52
4368,52,248
4369,248,239
4370,239,57
4371,57,227
4372,227,114
4373,114,207
4374,207,76
4375,76,62
4376,62,49
4377,49,169
4378,169,180
4379,180,19
4380,19,183
4381,183,81
4382,81,200
4383,200,2
4384,2,142
4385,142,59
4386,59,210
4387,210,269
4388,269,277
4389,277,183
4390,183,297
4391,297,165
4392,165,24
4393,24,128
4394,128,31
4395,31,251
4396,251,226
4397,226,154
4398,154,16
4399,16,190
4400,190,91
4401,91,83
4402,83,277
4403,277,208
4404,208,141
4405,141,3
4406,3,193
4407,193,91
4408,91,196
4409,196,89
4410,89,198
4411,198,86
4412,86,261
4413,261,222
4414,222,230
4415,230,289
4416,289,206
4417,206,77
4418,77,227
4419,227,88
4420,88,274
4421,274,129
4422,129,27
4423,27,210
4424,210,62
4425,62,6
4426,6,26
4427,26,244
4428,244,28
4429,28,121
4430,121,267
4431,267,211
4432,211,203
4433,203,65
4434,65,236
4435,236,207
4436,207,39
4437,39,232
4438,232,52
4439,52,241
4440,241,141
4441,141,250
4442,250,268
4443,268,259
4444,259,147
4445,147,277
4446,277,204
4447,204,78
4448,78,180
4449,180,73
4450,73,156
4451,156,2
4452,2,61
4453,61,204
4454,204,35
4455,35,4
4456,4,43
4457,43,201
4458,201,80
4459,80,254
4460,254,233
4461,233,71
4462,71,221
4463,221,59
4464,59,172
4465,172,265
4466,265,167
4467,167,290
4468,290,161
4469,161,216
4470,216,55
4471,55,247
4472,247,53
4473,53,231
4474,231,261
4475,261,76
4476,76,58
4477,58,224
4478,224,124
4479,124,132
4480,132,281
4481,281,207
4482,207,24
4483,24,12
4484,12,234
4485,234,88
4486,88,200
4487,200,66
4488,66,202
4489,202,194
4490,194,97
4491,97,189
4492,189,93
4493,93,188
4494,188,69
4495,69,185
4496,185,38
4497,38,253
4498,253,137
4499,137,0
4500,0,287
4501,287,276
4502,276,90
4503,90,197
4504,197,47
4505,47,254
4506,254,50
4507,50,252
4508,252,222
4509,222,127
4510,127,119
4511,119,286
4512,286,190
4513,190,92
4514,92,195
4515,195,89
4516,89,248
4517,248,131
4518,131,36
4519,36,44
4520,44,225
4521,225,56
4522,56,228
4523,228,23
4524,23,261
4525,261,37
4526,37,256
4527,256,269
4528,269,200
4529,200,82
4530,82,252
4531,252,51
4532,51,243
4533,243,84
4534,84,199
4535,199,85
4536,85,215
4537,215,61
4538,61,78
4539,78,226
4540,226,118
4541,118,246
4542,246,227
4543,227,40
4544,40,9
4545,9,147
4546,147,63
4547,63,74
4548,74,207
4549,207,63
4550,63,214
4551,214,146
4552,146,299
4553,299,204
4554,204,289
4555,289,139
4556,139,292
4557,292,178
4558,178,298
4559,298,156
4560,156,137
4561,137,116
4562,116,198
4563,198,104
4564,104,268
4565,268,47
4566,47,0
4567,0,14
4568,14,170
4569,170,298
4570,298,288
4571,288,190
4572,190,67
4573,67,175
4574,175,241
4575,241,56
4576,56,236
4577,236,33
4578,33,224
4579,224,210
4580,210,65
4581,65,224
4582,224,79
4583,79,203
4584,203,42
4585,42,138
4586,138,242
4587,242,31
4588,31,210
4589,210,71
4590,71,157
4591,157,292
4592,292,227
4593,227,65
4594,65,266
4595,266,46
4596,46,1
4597,1,151
4598,151,4
4599,4,199
4600,199,270
4601,270,145
4602,145,262
4603,262,251
4604,251,92
4605,92,108
4606,108,228
4607,228,50
4608,50,219
4609,219,61
4610,61,236
4611,236,17
4612,17,25
4613,25,257
4614,257,46
4615,46,260
4616,260,99
4617,99,189
4618,189,95
4619,95,251
4620,251,149
4621,149,3
4622,3,161
4623,161,265
4624,265,222
4625,222,213
4626,213,263
4627,263,46
4628,46,5
4629,5,141
4630,141,295
4631,295,208
4632,208,72
4633,72,182
4634,182,173
4635,173,165
4636,165,268
4637,268,44
4638,44,8
4639,8,229
4640,229,169
4641,169,156
4642,156,68
4643,68,192
4644,192,184
4645,184,40
4646,40,55
4647,55,245
4648,245,54
4649,54,272
4650,272,122
4651,122,227
4652,227,58
4653,58,216
4654,216,76
4655,76,220
4656,220,212
4657,212,232
4658,232,91
4659,91,205
4660,205,34
4661,34,16
4662,16,205
4663,205,26
4664,26,195
4665,195,90
4666,90,192
4667,192,91
4668,91,207
4669,207,261
4670,261,225
4671,225,99
4672,99,272
4673,272,147
4674,147,65
4675,65,254
4676,254,222
4677,222,23
4678,23,124
4679,124,18
4680,18,198
4681,198,118
4682,118,135
4683,135,292
4684,292,130
4685,130,211
4686,211,248
4687,248,86
4688,86,70
4689,70,221
4690,221,58
4691,58,238
4692,238,209
4693,209,140
4694,140,242
4695,242,233
4696,233,132
4697,132,40
4698,40,241
4699,241,38
4700,38,11
4701,11,166
4702,166,291
4703,291,191
4704,191,183
4705,183,280
4706,280,181
4707,181,77
4708,77,179
4709,179,288
4710,288,134
4711,134,247
4712,247,50
4713,50,235
4714,235,68
4715,68,190
4716,190,11
4717,11,179
4718,179,22
4719,22,262
4720,262,35
4721,35,259
4722,259,250
4723,250,102
4724,102,265
4725,265,32
4726,32,124
4727,124,207
4728,207,9
4729,9,144
4730,144,115
4731,115,139
4732,139,150
4733,150,163
4734,163,249
4735,249,235
4736,235,65
4737,65,216
4738,216,57
4739,57,49
4740,49,251
4741,251,137
4742,137,247
4743,247,45
4744,45,61
4745,61,270
4746,270,278
4747,278,87
4748,87,223
4749,223,56
4750,56,73
4751,73,265
4752,265,121
4753,121,235
4754,235,117
4755,117,24
4756,24,185
4757,185,68
4758,68,211
4759,211,15
4760,15,217
4761,217,263
4762,263,176
4763,176,264
4764,264,88
4765,88,80
4766,80,63
4767,63,174
4768,174,290
4769,290,153
4770,153,3
4771,3,65
4772,65,240
4773,240,144
4774,144,294
4775,294,281
4776,281,155
4777,155,287
4778,287,161
4779,161,73
4780,73,232
4781,232,76
4782,76,230
4783,230,180
4784,180,288
4785,288,138
4786,138,232
4787,232,143
4788,143,159
4789,159,28
4790,28,253
4791,253,243
4792,243,55
4793,55,238
4794,238,64
4795,64,150
4796,150,258
4797,258,266
4798,266,100
4799,100,92
4800,92,191
4801,191,279
4802,279,131
4803,131,31
4804,31,23
4805,23,166
4806,166,295
4807,295,195
4808,195,203
4809,203,90
4810,90,196
4811,196,59
4812,59,215
4813,215,130
4814,130,117
4815,117,261
4816,261,106
4817,106,222
4818,222,35
4819,35,244
4820,244,64
4821,64,201
4822,201,82
4823,82,215
4824,215,136
4825,136,158
4826,158,25
4827,25,248
4828,248,265
4829,265,67
4830,67,59
4831,59,203
4832,203,62
4833,62,250
4834,250,50
4835,50,169
4836,169,12
4837,12,3
4838,3,179
4839,179,39
4840,39,255
4841,255,46
4842,46,141
4843,141,236
4844,236,112
4845,112,225
4846,225,138
4847,138,57
4848,57,228
4849,228,157
4850,157,213
4851,213,227
4852,227,250
4853,250,196
4854,196,10
4855,10,46
4856,46,296
4857,296,60
4858,60,177
4859,177,74
4860,74,182
4861,182,81
4862,81,218
4863,218,162
4864,162,12
4865,12,21
4866,21,263
4867,263,34
4868,34,298
4869,298,235
4870,235,40
4871,40,247
4872,247,51
4873,51,246
4874,246,230
4875,230,82
4876,82,235
4877,235,34
4878,34,200
4879,200,278
4880,278,178
4881,178,297
4882,297,199
4883,199,89
4884,89,78
4885,78,179
4886,179,187
4887,187,66
4888,66,234
4889,234,70
4890,70,52
4891,52,226
4892,226,41
4893,41,33
4894,33,206
4895,206,85
4896,85,227
4897,227,110
4898,110,262
4899,262,96
4900,96,189
4901,189,94
4902,94,107
4903,107,19
4904,19,127
4905,127,233
4906,233,119
4907,119,213
4908,213,70
4909,70,233
4910,233,178
4911,178,18
4912,18,232
4913,232,79
4914,79,206
4915,206,52
4916,52,135
4917,135,224
4918,224,81
4919,81,231
4920,231,245
4921,245,66
4922,66,233
4923,233,57
4924,57,274
4925,274,282
4926,282,165
4927,165,29
4928,29,129
4929,129,279
4930,279,91
4931,91,102
4932,102,281
4933,281,176
4934,176,163
4935,163,266
4936,266,127
4937,127,282
4938,282,144
4939,144,245
4940,245,53
4941,53,249
4942,249,51
4943,51,262
4944,262,37
4945,37,250
4946,250,258
4947,258,39
4948,39,194
4949,194,182
4950,182,73
4951,73,158
4952,158,69
4953,69,184
4954,184,10
4955,10,293
4956,293,189
4957,189,59
4958,59,217
4959,217,23
4960,23,201
4961,201,267
4962,267,97
4963,97,212
4964,212,134
4965,134,232
4966,232,144
4967,144,297
4968,297,168
4969,168,16
4970,16,32
4971,32,46
4972,46,237
4973,237,23
4974,23,192
4975,192,93
4976,93,199
4977,199,87
4978,87,224
4979,224,141
4980,141,292
4981,292,142
4982,142,156
4983,156,256
4984,256,47
4985,47,295
4986,295,156
4987,156,5
4988,5,142
4989,142,116
4990,116,221
4991,221,52
4992,52,202
4993,202,263
4994,263,239
4995,239,53
4996,53,235
4997,235,205
4998,205,275
4999,275,193
5000,193,90
5001,90,198
5002,198,208
5003,208,142
5004,142,215
5005,215,124
5006,124,21
5007,21,126
5008,126,33
5009,33,45
5010,45,257
5011,257,42
5012,42,268
5013,268,200
5014,200,84
5015,84,215
5016,215,97
5017,97,192
5018,192,92
5019,92,254
5020,254,22
5021,22,129
5022,129,233
5023,233,112
5024,112,223
5025,223,67
5026,67,186
5027,186,63
5028,63,245
5029,245,130
5030,130,240
5031,240,56
5032,56,237
5033,237,228
5034,228,85
5035,85,72
5036,72,219
5037,219,172
5038,172,248
5039,248,95
5040,95,247
5041,247,87
5042,87,268
5043,268,62
5044,62,70
5045,70,265
5046,265,149
5047,149,299
5048,299,138
5049,138,2
5050,2,286
5051,286,151
5052,151,69
5053,69,244
5054,244,116
5055,116,136
5056,136,243
5057,243,62
5058,62,273
5059,273,283
5060,283,198
5061,198,113
5062,113,231
5063,231,42
5064,42,11
5065,11,45
5066,45,209
5067,209,273
5068,273,88
5069,88,279
5070,279,156
5071,156,17
5072,17,0
5073,0,178
5074,178,243
5075,243,119
5076,119,130
5077,130,221
5078,221,65
5079,65,48
5080,48,252
5081,252,261
5082,261,101
5083,101,270
5084,270,154
5085,154,261
5086,261,78
5087,78,207
5088,207,199
5089,199,112
5090,112,200
5091,200,59
5092,59,191
5093,191,284
5094,284,117
5095,117,277
5096,277,129
5097,129,273
5098,273,148
5099,148,281
5100,281,152
5101,152,6
5102,6,222
5103,222,68
5104,68,217
5105,217,208
5106,208,77
5107,77,182
5108,182,287
5109,287,238
5110,238,67
5111,67,234
5112,234,207
5113,207,116
5114,116,265
5115,265,33
5116,33,299
5117,299,52
5118,52,246
5119,246,32
5120,32,22
5121,22,122
5122,122,222
5123,222,80
5124,80,72
5125,72,212
5126,212,26
5127,26,200
5128,200,83
5129,83,274
5130,274,61
5131,61,7
5132,7,46
5133,46,254
5134,254,209
5135,209,230
5136,230,58
5137,58,140
5138,140,294
5139,294,158
5140,158,166
5141,166,264
5142,264,251
5143,251,98
5144,98,265
5145,265,50
5146,50,36
5147,36,127
5148,127,27
5149,27,259
5150,259,271
5151,271,49
5152,49,241
5153,241,78
5154,78,252
5155,252,162
5156,162,263
5157,263,204
5158,204,21
5159,21,189
5160,189,197
5161,197,288
5162,288,173
5163,173,181
5164,181,167
5165,167,218
5166,218,11
5167,11,227
5168,227,26
5169,26,171
5170,171,155
5171,155,147
5172,147,118
5173,118,242
5174,242,137
5175,137,233
5176,233,142
5177,142,50
5178,50,28
5179,28,194
5180,194,90
5181,90,109
5182,109,230
5183,230,90
5184,90,264
5185,264,237
5186,237,50
5187,50,61
5188,61,223
5189,223,144
5190,144,275
5191,275,183
5192,183,71
5193,71,57
5194,57,207
5195,207,4
5196,4,47
5197,47,250
5198,250,65
5199,65,176
5200,176,30
5201,30,127
5202,127,135
5203,135,37
5204,37,187
5205,187,195
5206,195,181
5207,181,237
5208,237,19
5209,19,205
5210,205,85
5211,85,96
5212,96,244
5213,244,215
5214,215,295
5215,295,280
5216,280,202
5217,202,95
5218,95,216
5219,216,73
5220,73,210
5221,210,52
5222,52,224
5223,224,117
5224,117,136
5225,136,299
5226,299,62
5227,62,269
5228,269,147
5229,147,287
5230,287,162
5231,162,73
5232,73,208
5233,208,139
5234,139,40
5235,40,182
5236,182,294
5237,294,161
5238,161,13
5239,13,163
5240,163,269
5241,269,65
5242,65,187
5243,187,4
5244,4,62
5245,62,211
5246,211,224
5247,224,43
5248,43,258
5249,258,32
5250,32,7
5251,7,167
5252,167,47
5253,47,246
5254,246,238
5255,238,259
5256,259,42
5257,42,297
5258,297,188
5259,188,97
5260,97,106
5261,106,257
5262,257,248
5263,248,49
5264,49,243
5265,243,53
5266,53,240
5267,240,158
5268,158,133
5269,133,285
5270,285,121
5271,121,275
5272,275,128
5273,128,271
5274,271,175
5275,175,253
5276,253,91
5277,91,108
5278,108,21
5279,21,156
5280,156,74
5281,74,55
5282,55,232
5283,232,120
5284,120,219
5285,219,69
5286,69,159
5287,159,213
5288,213,131
5289,131,236
5290,236,64
5291,64,173
5292,173,17
5293,17,180
5294,180,192
5295,192,64
5296,64,175
5297,175,35
5298,35,254
5299,254,230
5300,230,23
5301,23,213
5302,213,145
5303,145,114
5304,114,197
5305,197,24
5306,24,259
5307,259,269
5308,269,98
5309,98,246
5310,246,137
5311,137,256
5312,256,212
5313,212,71
5314,71,220
5315,220,228
5316,228,77
5317,77,209
5318,209,132
5319,132,285
5320,285,117
5321,117,202
5322,202,60
5323,60,293
5324,293,8
5325,8,165
5326,165,73
5327,73,236
5328,236,52
5329,52,219
5330,219,170
5331,170,268
5332,268,100
5333,100,210
5334,210,81
5335,81,201
5336,201,6
5337,6,144
5338,144,296
5339,296,146
5340,146,227
5341,227,127
5342,127,248
5343,248,63
5344,63,239
5345,239,20
5346,20,127
5347,127,240
5348,240,216
5349,216,38
5350,38,178
5351,178,75
5352,75,159
5353,159,9
5354,9,252
5355,252,40
5356,40,185
5357,185,12
5358,12,171
5359,171,218
5360,218,70
5361,70,88
5362,88,262
5363,262,177
5364,177,14
5365,14,153
5366,153,248
5367,248,256
5368,256,275
5369,275,55
5370,55,189
5371,189,63
5372,63,43
5373,43,250
5374,250,98
5375,98,84
5376,84,276
5377,276,164
5378,164,251
5379,251,51
5380,51,254
5381,254,90
5382,90,274
5383,274,56
5384,56,210
5385,210,236
5386,236,79
5387,79,205
5388,205,86
5389,86,200
5390,200,91
5391,91,208
5392,208,58
5393,58,223
5394,223,59
5395,59,174
5396,174,66
5397,66,213
5398,213,11
5399,11,32
5400,32,181
5401,181,276
5402,276,158
5403,158,244
5404,244,3
5405,3,52
5406,52,272
5407,272,284
5408,284,0
5409,0,98
5410,98,195
5411,195,29
5412,29,181
5413,181,16
5414,16,245
5415,245,180
5416,180,33
5417,33,52
5418,52,242
5419,242,68
5420,68,152
5421,152,114
5422,114,140
5423,140,291
5424,291,173
5425,173,1
5426,1,229
5427,229,124
5428,124,24
5429,24,198
5430,198,94
5431,94,188
5432,188,295
5433,295,139
5434,139,119
5435,119,27
5436,27,198
5437,198,186
5438,186,36
5439,36,257
5440,257,153
5441,153,16
5442,16,184
5443,184,70
5444,70,151
5445,151,267
5446,267,248
5447,248,239
5448,239,50
5449,50,168
5450,168,236
5451,236,127
5452,127,290
5453,290,240
5454,240,116
5455,116,143
5456,143,60
5457,60,272
5458,272,95
5459,95,278
5460,278,202
5461,202,267
5462,267,107
5463,107,221
5464,221,262
5465,262,243
5466,243,117
5467,117,247
5468,247,220
5469,220,62
5470,62,47
5471,47,232
5472,232,56
5473,56,229
5474,229,130
5475,130,276
5476,276,83
5477,83,72
5478,72,63
5479,63,199
5480,199,282
5481,282,133
5482,133,123
5483,123,264
5484,264,28
5485,28,168
5486,168,156
5487,156,270
5488,270,261
5489,261,34
5490,34,42
5491,42,180
5492,180,74
5493,74,263
5494,263,119
5495,119,289
5496,289,155
5497,155,274
5498,274,159
5499,159,248
5500,248,100
5501,100,189
5502,189,39
5503,39,249
5504,249,48
5505,48,294
5506,294,198
5507,198,7
5508,7,215
5509,215,157
5510,157,25
5511,25,129
5512,129,31
5513,31,190
5514,190,93
5515,93,291
5516,291,196
5517,196,61
5518,61,174
5519,174,218
5520,218,267
5521,267,147
5522,147,114
5523,114,149
5524,149,249
5525,249,167
5526,167,175
5527,175,13
5528,13,185
5529,185,66
5530,66,81
5531,81,181
5532,181,297
5533,297,184
5534,184,248
5535,248,82
5536,82,205
5537,205,43
5538,43,288
5539,288,5
5540,5,34
5541,34,176
5542,176,70
5543,70,183
5544,183,18
5545,18,263
5546,263,71
5547,71,177
5548,177,17
5549,17,252
5550,252,49
5551,49,213
5552,213,293
5553,293,209
5554,209,72
5555,72,154
5556,154,3
5557,3,186
5558,186,8
5559,8,46
5560,46,138
5561,138,115
5562,115,125
5563,125,282
5564,282,162
5565,162,293
5566,293,178
5567,178,62
5568,62,252
5569,252,92
5570,92,209
5571,209,296
5572,296,45
5573,45,255
5574,255,217
5575,217,233
5576,233,242
5577,242,55
5578,55,136
5579,136,53
5580,53,225
5581,225,58
5582,58,67
5583,67,179
5584,179,286
5585,286,199
5586,199,23
5587,23,50
5588,50,68
5589,68,209
5590,209,278
5591,278,83
5592,83,99
5593,99,206
5594,206,238
5595,238,84
5596,84,108
5597,108,258
5598,258,35
5599,35,227
5600,227,78
5601,78,70
5602,70,242
5603,242,149
5604,149,277
5605,277,290
5606,290,61
5607,61,220
5608,220,115
5609,115,226
5610,226,88
5611,88,276
5612,276,89
5613,89,240
5614,240,185
5615,185,48
5616,48,232
5617,232,51
5618,51,234
5619,234,94
5620,94,196
5621,196,92
5622,92,250
5623,250,135
5624,135,246
5625,246,166
5626,166,146
5627,146,1
5628,1,159
5629,159,12
5630,12,31
5631,31,47
5632,47,243
5633,243,169
5634,169,292
5635,292,128
5636,128,278
5637,278,163
5638,163,71
5639,71,182
5640,182,264
5641,264,256
5642,256,44
5643,44,233
5644,233,212
5645,212,267
5646,267,277
5647,277,119
5648,119,272
5649,272,61
5650,61,48
5651,48,25
5652,25,118
5653,118,266
5654,266,251
5655,251,259
5656,259,34
5657,34,222
5658,222,141
5659,141,233
5660,233,264
5661,264,33
5662,33,199
5663,199,280
5664,280,87
5665,87,255
5666,255,98
5667,98,222
5668,222,236
5669,236,87
5670,87,228
5671,228,113
5672,113,153
5673,153,225
5674,225,51
5675,51,211
5676,211,202
5677,202,193
5678,193,106
5679,106,83
5680,83,202
5681,202,63
5682,63,194
5683,194,99
5684,99,267
5685,267,93
5686,93,211
5687,211,18
5688,18,243
5689,243,66
5690,66,177
5691,177,162
5692,162,299
5693,299,25
5694,25,204
5695,204,20
5696,20,30
5697,30,262
5698,262,157
5699,157,70
5700,70,192
5701,192,65
5702,65,219
5703,219,231
5704,231,57
5705,57,184
5706,184,176
5707,176,60
5708,60,221
5709,221,57
5710,57,225
5711,225,19
5712,19,154
5713,154,212
5714,212,68
5715,68,158
5716,158,277
5717,277,177
5718,177,231
5719,231,56
5720,56,238
5721,238,66
5722,66,147
5723,147,0
5724,0,8
5725,8,166
5726,166,254
5727,254,43
5728,43,12
5729,12,195
5730,195,5
5731,5,63
5732,63,151
5733,151,133
5734,133,119
5735,119,230
5736,230,128
5737,128,152
5738,152,295
5739,295,60
5740,60,190
5741,190,296
5742,296,178
5743,178,289
5744,289,138
5745,138,40
5746,40,181
5747,181,64
5748,64,217
5749,217,209
5750,209,76
5751,76,219
5752,219,58
5753,58,205
5754,205,94
5755,94,213
5756,213,143
5757,143,114
5758,114,155
5759,155,283
5760,283,292
5761,292,11
5762,11,150
5763,150,275
5764,275,207
5765,207,294
5766,294,142
5767,142,133
5768,133,223
5769,223,5
5770,5,145
5771,145,61
5772,61,211
5773,211,273
5774,273,103
5775,103,283
5776,283,134
5777,134,237
5778,237,258
5779,258,92
5780,92,198
5781,198,287
5782,287,197
5783,197,284
5784,284,225
5785,225,48
5786,48,168
5787,168,295
5788,295,132
5789,132,228
5790,228,47
5791,47,298
5792,298,14
5793,14,23
5794,23,123
5795,123,29
5796,29,265
5797,265,80
5798,80,261
5799,261,51
5800,51,34
5801,34,255
5802,255,82
5803,82,109
5804,109,231
5805,231,251
5806,251,46
5807,46,6
5808,6,187
5809,187,19
5810,19,192
5811,192,203
5812,203,81
5813,81,206
5814,206,78
5815,78,215
5816,215,66
5817,66,7
5818,7,172
5819,172,268
5820,268,166
5821,166,216
5822,216,26
5823,26,220
5824,220,30
5825,30,52
5826,52,250
5827,250,233
5828,233,24
5829,24,162
5830,162,71
5831,71,211
5832,211,219
5833,219,115
5834,115,130
5835,130,248
5836,248,139
5837,139,4
5838,4,160
5839,160,8
5840,8,153
5841,153,271
5842,271,54
5843,54,244
5844,244,41
5845,41,251
5846,251,97
5847,97,241
5848,241,47
5849,47,142
5850,142,252
5851,252,36
5852,36,254
5853,254,218
5854,218,62
5855,62,249
5856,249,129
5857,129,121
5858,121,211
5859,211,119
5860,119,198
5861,198,98
5862,98,106
5863,106,290
5864,290,173
5865,173,298
5866,298,189
5867,189,254
5868,254,84
5869,84,93
5870,93,191
5871,191,101
5872,101,254
5873,254,272
5874,272,79
5875,79,235
5876,235,246
5877,246,53
5878,53,61
5879,61,81
5880,81,230
5881,230,222
5882,222,207
5883,207,228
5884,228,164
5885,164,73
5886,73,181
5887,181,82
5888,82,219
5889,219,19
5890,19,236
5891,236,67
5892,67,75
5893,75,270
5894,270,261
5895,261,21
5896,21,191
5897,191,96
5898,96,107
5899,107,85
5900,85,202
5901,202,124
5902,124,263
5903,263,23
5904,23,128
5905,128,28
5906,28,132
5907,132,160
5908,160,271
5909,271,130
5910,130,237
5911,237,139
5912,139,259
5913,259,267
5914,267,122
5915,122,259
5916,259,12
5917,12,62
5918,62,44
5919,44,34
5920,34,203
5921,203,285
5922,285,102
5923,102,248
5924,248,51
5925,51,244
5926,244,133
5927,133,215
5928,215,86
5929,86,199
5930,199,269
5931,269,88
5932,88,201
5933,201,5
5934,5,154
5935,154,296
5936,296,282
5937,282,146
5938,146,209
5939,209,105
5940,105,226
5941,226,248
5942,248,74
5943,74,57
5944,57,176
5945,176,166
5946,166,247
5947,247,49
5948,49,7
5949,7,186
5950,186,30
5951,30,258
5952,258,166
5953,166,32
5954,32,123
5955,123,17
5956,17,193
5957,193,184
5958,184,172
5959,172,4
5960,4,142
5961,142,60
5962,60,245
5963,245,64
5964,64,252
5965,252,45
5966,45,269
5967,269,141
5968,141,117
5969,117,256
5970,256,33
5971,33,218
5972,218,96
5973,96,278
5974,278,204
5975,204,237
5976,237,72
5977,72,89
5978,89,69
5979,69,234
5980,234,210
5981,210,143
5982,143,293
5983,293,149
5984,149,287
5985,287,138
5986,138,230
5987,230,86
5988,86,279
5989,279,87
5990,87,243
5991,243,156
5992,156,283
5993,283,128
5994,128,277
5995,277,205
5996,205,128
5997,128,37
5998,37,225
5999,225,103
6000,103,221
6001,221,53
6002,53,232
6003,232,82
6004,82,229
6005,229,43
6006,43,193
6007,193,92
6008,92,199
6009,199,39
6010,39,56
6011,56,242
6012,242,67
6013,67,184
6014,184,284
6015,284,205
6016,205,110
6017,110,82
6018,82,260
6019,260,213
6020,213,222
6021,222,89
6022,89,236
6023,236,182
6024,182,83
6025,83,201
6026,201,280
6027,280,101
6028,101,258
6029,258,19
6030,19,115
6031,115,215
6032,215,73
6033,73,235
6034,235,208
6035,208,298
6036,298,148
6037,148,12
6038,12,200
6039,200,114
6040,114,158
6041,158,214
6042,214,60
6043,60,205
6044,205,100
6045,100,192
6046,192,13
6047,13,147
6048,147,137
6049,137,151
6050,151,162
6051,162,264
6052,264,51
6053,51,227
6054,227,298
6055,298,46
6056,46,250
6057,250,120
6058,120,27
6059,27,265
6060,265,47
6061,47,65
6062,65,83
6063,83,231
6064,231,77
6065,77,250
6066,250,48
6067,48,143
6068,143,245
6069,245,48
6070,48,22
6071,22,202
6072,202,252
6073,252,230
6074,230,155
6075,155,276
6076,276,151
6077,151,71
6078,71,252
6079,252,96
6080,96,217
6081,217,36
6082,36,180
6083,180,200
6084,200,62
6085,62,254
6086,254,40
6087,40,177
6088,177,1
6089,1,23
6090,23,7
6091,7,147
6092,147,52
6093,52,44
6094,44,0
6095,0,161
6096,161,32
6097,32,257
6098,257,41
6099,41,8
6100,8,244
6101,244,49
6102,49,57
6103,57,238
6104,238,76
6105,76,180
6106,180,298
6107,298,138
6108,138,51
6109,51,263
6110,263,118
6111,118,279
6112,279,268
6113,268,152
6114,152,4
6115,4,170
6116,170,250
6117,250,101
6118,101,196
6119,196,113
6120,113,227
6121,227,211
6122,211,74
6123,74,252
6124,252,151
6125,151,269
6126,269,178
6127,178,287
6128,287,195
6129,195,293
6130,293,107
6131,107,297
6132,297,281
6133,281,163
6134,163,29
6135,29,159
6136,159,261
6137,261,253
6138,253,243
6139,243,112
6140,112,267
6141,267,275
6142,275,67
6143,67,56
6144,56,212
6145,212,99
6146,99,82
6147,82,206
6148,206,248
6149,248,239
6150,239,153
6151,153,127
6152,127,213
6153,213,299
6154,299,148
6155,148,213
6156,213,58
6157,58,237
6158,237,228
6159,228,131
6160,131,48
6161,48,167
6162,167,185
6163,185,88
6164,88,259
6165,259,251
6166,251,154
6167,154,285
6168,285,295
6169,295,95
6170,95,198
6171,198,188
6172,188,65
6173,65,186
6174,186,296
6175,296,205
6176,205,262
6177,262,76
6178,76,57
6179,57,211
6180,211,11
6181,11,36
6182,36,193
6183,193,38
6184,38,136
6185,136,120
6186,120,278
6187,278,157
6188,157,217
6189,217,208
6190,208,26
6191,26,126
6192,126,242
6193,242,233
6194,233,54
6195,54,224
6196,224,132
6197,132,241
6198,241,136
6199,136,296
6200,296,47
6201,47,293
6202,293,163
6203,163,255
6204,255,240
6205,240,35
6206,35,294
6207,294,139
6208,139,55
6209,55,73
6210,73,159
6211,159,71
6212,71,216
6213,216,52
6214,52,171
6215,171,15
6216,15,173
6217,173,237
6218,237,42
6219,42,210
6220,210,153
6221,153,62
6222,62,70
6223,70,181
6224,181,281
6225,281,104
6226,104,191
6227,191,64
6228,64,189
6229,189,177
6230,177,298
6231,298,41
6232,41,61
6233,61,199
6234,199,281
6235,281,185
6236,185,35
6237,35,260
6238,260,72
6239,72,211
6240,211,80
6241,80,234
6242,234,53
6243,53,238
6244,238,219
6245,219,278
6246,278,160
6247,160,77
6248,77,256
6249,256,207
6250,207,59
6251,59,220
6252,220,267
6253,267,65
6254,65,151
6255,151,114
6256,114,142
6257,142,1
6258,1,190
6259,190,171
6260,171,2
6261,2,154
6262,154,4
6263,4,162
6264,162,215
6265,215,98
6266,98,90
6267,90,234
6268,234,43
6269,43,184
6270,184,272
6271,272,90
6272,90,235
6273,235,14
6274,14,5
6275,5,297
6276,297,108
6277,108,20
6278,20,222
6279,222,32
6280,32,55
6281,55,229
6282,229,58
6283,58,151
6284,151,282
6285,282,119
6286,119,240
6287,240,51
6288,51,272
6289,272,85
6290,85,214
6291,214,236
6292,236,68
6293,68,188
6294,188,66
6295,66,186
6296,186,34
6297,34,12
6298,12,197
6299,197,293
6300,293,191
6301,191,288
6302,288,279
6303,279,127
6304,127,115
6305,115,149
6306,149,119
6307,119,220
6308,220,249
6309,249,67
6310,67,176
6311,176,12
6312,12,166
6313,166,259
6314,259,274
6315,274,165
6316,165,292
6317,292,155
6318,155,1
6319,1,244
6320,244,140
6321,140,47
6322,47,260
6323,260,25
6324,25,169
6325,169,34
6326,34,196
6327,196,63
6328,63,72
6329,72,88
6330,88,225
6331,225,46
6332,46,203
6333,203,84
6334,84,109
6335,109,227
6336,227,100
6337,100,263
6338,263,17
6339,17,8
6340,8,201
6341,201,91
6342,91,209
6343,209,290
6344,290,275
6345,275,105
6346,105,155
6347,155,173
6348,173,33
6349,33,134
6350,134,289
6351,289,60
6352,60,194
6353,194,253
6354,253,44
6355,44,22
6356,22,180
6357,180,77
6358,77,207
6359,207,11
6360,11,103
6361,103,190
6362,190,63
6363,63,247
6364,247,262
6365,262,46
6366,46,247
6367,247,228
6368,228,26
6369,26,157
6370,157,7
6371,7,189
6372,189,12
6373,12,111
6374,111,81
6375,81,243
6376,243,36
6377,36,28
6378,28,224
6379,224,145
6380,145,128
6381,128,41
6382,41,25
6383,25,195
6384,195,176
6385,176,295
6386,295,146
6387,146,121
6388,121,139
6389,139,247
6390,247,34
6391,34,256
6392,256,248
6393,248,117
6394,117,198
6395,198,235
6396,235,119
6397,119,251
6398,251,88
6399,88,241
6400,241,42
6401,42,122
6402,122,33
6403,33,261
6404,261,269
6405,269,89
6406,89,110
6407,110,260
6408,260,116
6409,116,263
6410,263,85
6411,85,280
6412,280,95
6413,95,212
6414,212,222
6415,222,112
6416,112,153
6417,153,176
6418,176,21
6419,21,216
6420,216,56
6421,56,221
6422,221,114
6423,114,216
6424,216,63
6425,63,253
6426,253,46
6427,46,227
6428,227,48
6429,48,67
6430,67,216
6431,216,60
6432,60,298
6433,298,27
6434,27,17
6435,17,178
6436,178,43
6437,43,215
6438,215,204
6439,204,123
6440,123,210
6441,210,271
6442,271,215
6443,215,252
6444,252,138
6445,138,167
6446,167,273
6447,273,174
6448,174,25
6449,25,128
6450,128,245
6451,245,167
6452,167,3
6453,3,213
6454,213,62
6455,62,192
6456,192,94
6457,94,214
6458,214,160
6459,160,114
6460,114,153
6461,153,23
6462,23,31
6463,31,265
6464,265,26
6465,26,163
6466,163,171
6467,171,36
6468,36,230
6469,230,143
6470,143,8
6471,8,217
6472,217,54
6473,54,76
6474,76,215
6475,215,37
6476,37,45
6477,45,256
6478,256,103
6479,103,263
6480,263,42
6481,42,192
6482,192,102
6483,102,83
6484,83,183
6485,183,66
6486,66,181
6487,181,69
6488,69,61
6489,61,52
6490,52,237
6491,237,47
6492,47,187
6493,187,92
6494,92,208
6495,208,200
6496,200,14
6497,14,168
6498,168,73
6499,73,13
6500,13,181
6501,181,72
6502,72,239
6503,239,131
6504,131,277
6505,277,148
6506,148,165
6507,165,4
6508,4,221
6509,221,145
6510,145,50
6511,50,58
6512,58,196
6513,196,206
6514,206,91
6515,91,77
6516,77,244
6517,244,66
6518,66,222
6519,222,54
6520,54,230
6521,230,10
6522,10,151
6523,151,298
6524,298,195
6525,195,23
6526,23,126
6527,126,34
6528,34,236
6529,236,142
6530,142,258
6531,258,250
6532,250,32
6533,32,240
6534,240,131
6535,131,140
6536,140,245
6537,245,237
6538,237,228
6539,228,220
6540,220,69
6541,69,160
6542,160,275
6543,275,129
6544,129,24
6545,24,258
6546,258,117
6547,117,239
6548,239,46
6549,46,31
6550,31,39
6551,39,247
6552,247,26
6553,26,213
6554,213,253
6555,253,36
6556,36,174
6557,174,255
6558,255,35
6559,35,2
6560,2,259
6561,259,18
6562,18,192
6563,192,7
6564,7,282
6565,282,0
6566,0,61
6567,61,87
6568,87,265
6569,265,254
6570,254,246
6571,246,238
6572,238,101
6573,101,278
6574,278,201
6575,201,291
6576,291,137
6577,137,37
6578,37,210
6579,210,54
6580,54,134
6581,134,40
6582,40,136
6583,136,205
6584,205,98
6585,98,119
6586,119,244
6587,244,129
6588,129,242
6589,242,144
6590,144,263
6591,263,75
6592,75,182
6593,182,32
6594,32,285
6595,285,147
6596,147,116
6597,116,92
6598,92,248
6599,248,85
6600,85,216
6601,216,106
6602,106,18
6603,18,227
6604,227,5
6605,5,67
6606,67,59
6607,59,76
6608,76,276
6609,276,127
6610,127,269
6611,269,64
6612,64,146
6613,146,239
6614,239,217
6615,217,209
6616,209,95
6617,95,233
6618,233,120
6619,120,29
6620,29,263
6621,263,164
6622,164,218
6623,218,57
6624,57,195
6625,195,95
6626,95,206
6627,206,25
6628,25,222
6629,222,50
6630,50,242
6631,242,53
6632,53,219
6633,219,211
6634,211,52
6635,52,174
6636,174,194
6637,194,92
6638,92,259
6639,259,267
6640,267,74
6641,74,276
6642,276,187
6643,187,64
6644,64,77
6645,77,161
6646,161,22
6647,22,125
6648,125,133
6649,133,201
6650,201,12
6651,12,184
6652,184,199
6653,199,99
6654,99,264
6655,264,70
6656,70,179
6657,179,188
6658,188,61
6659,61,191
6660,191,102
6661,102,252
6662,252,220
6663,220,278
6664,278,147
6665,147,292
6666,292,0
6667,0,175
6668,175,272
6669,272,62
6670,62,204
6671,204,297
6672,297,170
6673,170,37
6674,37,178
6675,178,276
6676,276,228
6677,228,13
6678,13,212
6679,212,272
6680,272,98
6681,98,226
6682,226,125
6683,125,214
6684,214,135
6685,135,40
6686,40,190
6687,190,290
6688,290,170
6689,170,50
6690,50,244
6691,244,232
6692,232,87
6693,87,95
6694,95,200
6695,200,292
6696,292,160
6697,160,140
6698,140,2
6699,2,18
6700,18,190
6701,190,96
6702,96,254
6703,254,231
6704,231,84
6705,84,256
6706,256,266
6707,266,66
6708,66,250
6709,250,184
6710,184,268
6711,268,89
6712,89,275
6713,275,208
6714,208,81
6715,81,202
6716,202,211
6717,211,113
6718,113,238
6719,238,51
6720,51,36
6721,36,0
6722,0,141
6723,141,293
6724,293,142
6725,142,153
6726,153,17
6727,17,126
6728,126,40
6729,40,130
6730,130,162
6731,162,14
6732,14,171
6733,171,216
6734,216,121
6735,121,261
6736,261,271
6737,271,282
6738,282,274
6739,274,156
6740,156,114
6741,114,85
6742,85,229
6743,229,180
6744,180,272
6745,272,193
6746,193,0
6747,0,249
6748,249,42
6749,42,15
6750,15,34
6751,34,216
6752,216,17
6753,17,199
6754,199,191
6755,191,175
6756,175,289
6757,289,90
6758,90,207
6759,207,215
6760,215,139
6761,139,244
6762,244,79
6763,79,251
6764,251,259
6765,259,210
6766,210,229
6767,229,110
6768,110,230
6769,230,293
6770,293,170
6771,170,292
6772,292,61
6773,61,69
6774,69,240
6775,240,232
6776,232,92
6777,92,243
6778,243,235
6779,235,70
6780,70,57
6781,57,202
6782,202,244
6783,244,94
6784,94,248
6785,248,45
6786,45,288
6787,288,92
6788,92,206
6789,206,49
6790,49,223
6791,223,130
6792,130,19
6793,19,123
6794,123,27
6795,27,190
6796,190,49
6797,49,258
6798,258,250
6799,250,20
6800,20,116
6801,116,140
6802,140,260
6803,260,91
6804,91,198
6805,198,96
6806,96,273
6807,273,125
6808,125,117
6809,117,237
6810,237,147
6811,147,166
6812,166,28
6813,28,164
6814,164,175
6815,175,295
6816,295,205
6817,205,55
6818,55,219
6819,219,80
6820,80,235
6821,235,26
6822,26,159
6823,159,72
6824,72,54
6825,54,207
6826,207,199
6827,199,267
6828,267,42
6829,42,289
6830,289,136
6831,136,231
6832,231,8
6833,8,158
6834,158,216
6835,216,2
6836,2,137
6837,137,35
6838,35,198
6839,198,61
6840,61,206
6841,206,140
6842,140,229
6843,229,120
6844,120,154
6845,154,68
6846,68,246
6847,246,254
6848,254,271
6849,271,262
6850,262,270
6851,270,84
6852,84,230
6853,230,12
6854,12,186
6855,186,177
6856,177,73
6857,73,179
6858,179,160
6859,160,75
6860,75,67
6861,67,237
6862,237,44
6863,44,213
6864,213,222
6865,222,120
6866,120,234
6867,234,75
6868,75,157
6869,157,108
6870,108,85
6871,85,70
6872,70,152
6873,152,290
6874,290,172
6875,172,299
6876,299,167
6877,167,158
6878,158,213
6879,213,76
6880,76,247
6881,247,43
6882,43,220
6883,220,17
6884,17,170
6885,170,275
6886,275,288
6887,288,297
6888,297,10
6889,10,21
6890,21,229
6891,229,53
6892,53,26
6893,26,39
6894,39,47
6895,47,5
6896,5,214
6897,214,72
6898,72,263
6899,263,91
6900,91,233
6901,233,241
6902,241,142
6903,142,248
6904,248,256
6905,256,30
6906,30,264
6907,264,87
6908,87,78
6909,78,239
6910,239,231
6911,231,124
6912,124,14
6913,14,253
6914,253,245
6915,245,46
6916,46,125
6917,125,207
6918,207,277
6919,277,286
6920,286,118
6921,118,280
6922,280,89
6923,89,200
6924,200,94
6925,94,211
6926,211,240
6927,240,50
6928,50,42
6929,42,166
6930,166,298
6931,298,200
6932,200,284
6933,284,120
6934,120,201
6935,201,87
6936,87,216
6937,216,267
6938,267,154
6939,154,15
6940,15,147
6941,147,3
6942,3,164
6943,164,11
6944,11,171
6945,171,16
6946,16,124
6947,124,132
6948,132,294
6949,294,162
6950,162,277
6951,277,106
6952,106,93
6953,93,215
6954,215,54
6955,54,232
6956,232,46
6957,46,249
6958,249,223
6959,223,146
6960,146,60
6961,60,280
6962,280,133
6963,133,30
6964,30,168
6965,168,145
6966,145,116
6967,116,134
6968,134,245
6969,245,225
6970,225,129
6971,129,271
6972,271,75
6973,75,83
6974,83,234
6975,234,117
6976,117,19
6977,19,170
6978,170,56
6979,56,47
6980,47,14
6981,14,186
6982,186,172
6983,172,40
6984,40,180
6985,180,20
6986,20,115
6987,115,201
6988,201,212
6989,212,220
6990,220,34
6991,34,172
6992,172,273
6993,273,261
6994,261,252
6995,252,10
6996,10,75
6997,75,259
6998,259,181
6999,181,67
7000,67,58
7001,58,218
7002,218,25
7003,25,17
7004,17,151
7005,151,236
7006,236,276
7007,276,125
7008,125,36
7009,36,239
7010,239,248
7011,248,33
7012,33,182
7013,182,48
7014,48,259
7015,259,267
7016,267,163
7017,163,138
7018,138,37
7019,37,234
7020,234,86
7021,86,229
7022,229,26
7023,26,299
7024,299,108
7025,108,23
7026,23,151
7027,151,99
7028,99,204
7029,204,4
7030,4,197
7031,197,8
7032,8,0
7033,0,144
7034,144,45
7035,45,65
7036,65,251
7037,251,273
7038,273,169
7039,169,13
7040,13,5
7041,5,187
7042,187,20
7043,20,149
7044,149,283
7045,283,40
7046,40,49
7047,49,57
7048,57,81
7049,81,112
7050,112,237
7051,237,266
7052,266,48
7053,48,137
7054,137,205
7055,205,87
7056,87,102
7057,102,119
7058,119,242
7059,242,233
7060,233,51
7061,51,237
7062,237,63
7063,63,72
7064,72,92
7065,92,239
7066,239,74
7067,74,272
7068,272,63
7069,63,185
7070,185,288
7071,288,178
7072,178,272
7073,272,107
7074,107,136
7075,136,211
7076,211,29
7077,29,230
7078,230,222
7079,222,27
7080,27,290
7081,290,176
7082,176,68
7083,68,214
7084,214,157
7085,157,65
7086,65,152
7087,152,276
7088,276,292
7089,292,198
7090,198,254
7091,254,243
7092,243,80
7093,80,249
7094,249,49
7095,49,257
7096,257,240
7097,240,123
7098,123,215
7099,215,55
7100,55,38
7101,38,219
7102,219,259
7103,259,41
7104,41,227
7105,227,139
7106,139,239
7107,239,10
7108,10,180
7109,180,198
7110,198,4
7111,4,138
7112,138,297
7113,297,169
7114,169,36
7115,36,117
7116,117,17
7117,17,231
7118,231,79
7119,79,61
7120,61,52
7121,52,44
7122,44,187
7123,187,90
7124,90,265
7125,265,28
7126,28,252
7127,252,163
7128,163,73
7129,73,213
7130,213,61
7131,61,217
7132,217,209
7133,209,58
7134,58,207
7135,207,82
7136,82,104
7137,104,143
7138,143,169
7139,169,279
7140,279,128
7141,128,208
7142,208,228
7143,228,41
7144,41,245
7145,245,170
7146,170,188
7147,188,33
7148,33,161
7149,161,113
7150,113,205
7151,205,83
7152,83,110
7153,110,232
7154,232,240
7155,240,99
7156,99,266
7157,266,195
7158,195,30
7159,30,207
7160,207,32
7161,32,221
7162,221,104
7163,104,254
7164,254,78
7165,78,209
7166,209,53
7167,53,173
7168,173,281
7169,281,123
7170,123,296
7171,296,185
7172,185,266
7173,266,217
7174,217,31
7175,31,8
7176,8,163
7177,163,2
7178,2,223
7179,223,52
7180,52,4
7181,4,191
7182,191,66
7183,66,184
7184,184,264
7185,264,249
7186,249,30
7187,30,13
7188,13,158
7189,158,274
7190,274,62
7191,62,54
7192,54,170
7193,170,9
7194,9,259
7195,259,157
7196,157,269
7197,269,261
7198,261,149
7199,149,267
7200,267,129
7201,129,215
7202,215,80
7203,80,262
7204,262,270
7205,270,256
7206,256,120
7207,120,138
7208,138,92
7209,92,203
7210,203,263
7211,263,101
7212,101,5
7213,5,287
7214,287,279
7215,279,59
7216,59,291
7217,291,3
7218,3,158
7219,158,72
7220,72,165
7221,165,299
7222,299,137
7223,137,286
7224,286,167
7225,167,271
7226,271,194
7227,194,186
7228,186,64
7229,64,218
7230,218,265
7231,265,69
7232,69,61
7233,61,192
7234,192,96
7235,96,83
7236,83,279
7237,279,150
7238,150,114
7239,114,220
7240,220,51
7241,51,168
7242,168,47
7243,47,211
7244,211,274
7245,274,131
7246,131,244
7247,244,80
7248,80,257
7249,257,87
7250,87,227
7251,227,1
7252,1,41
7253,41,243
7254,243,219
7255,219,119
7256,119,8
7257,8,189
7258,189,36
7259,36,27
7260,27,16
7261,16,167
7262,167,182
7263,182,191
7264,191,71
7265,71,176
7266,176,26
7267,26,223
7268,223,88
7269,88,206
7270,206,96
7271,96,271
7272,271,138
7273,138,124
7274,124,241
7275,241,222
7276,222,212
7277,212,204
7278,204,22
7279,22,127
7280,127,28
7281,28,222
7282,222,46
7283,46,142
7284,142,133
7285,133,202
7286,202,130
7287,130,214
7288,214,272
7289,272,171
7290,171,261
7291,261,145
7292,145,153
7293,153,285
7294,285,105
7295,105,3
7296,3,295
7297,295,144
7298,144,158
7299,158,291
7300,291,218
7301,218,172
7302,172,52
7303,52,229
7304,229,78
7305,78,70
7306,70,160
7307,160,182
7308,182,65
7309,65,55
7310,55,274
7311,274,191
7312,191,43
7313,43,7
7314,7,40
7315,40,58
7316,58,142
7317,142,95
7318,95,277
7319,277,269
7320,269,102
7321,102,254
7322,254,235
7323,235,246
7324,246,238
7325,238,260
7326,260,107
7327,107,216
7328,216,82
7329,82,108
7330,108,270
7331,270,87
7332,87,207
7333,207,81
7334,81,239
7335,239,231
7336,231,288
7337,288,193
7338,193,34
7339,34,170
7340,170,53
7341,53,215
7342,215,16
7343,16,183
7344,183,56
7345,56,220
7346,220,106
7347,106,117
7348,117,220
7349,220,139
7350,139,256
7351,256,118
7352,118,287
7353,287,165
7354,165,39
7355,39,230
7356,230,238
7357,238,75
7358,75,16
7359,16,211
7360,211,34
7361,34,182
7362,182,268
7363,268,68
7364,68,183
7365,183,287
7366,287,129
7367,129,23
7368,23,14
7369,14,38
7370,38,194
7371,194,94
7372,94,246
7373,246,48
7374,48,251
7375,251,153
7376,153,162
7377,162,135
7378,135,278
7379,278,125
7380,125,34
7381,34,291
7382,291,15
7383,15,227
7384,227,237
7385,237,159
7386,159,111
7387,111,123
7388,123,217
7389,217,56
7390,56,189
7391,189,268
7392,268,43
7393,43,242
7394,242,114
7395,114,223
7396,223,288
7397,288,164
7398,164,173
7399,173,278
7400,278,180
7401,180,290
7402,290,225
7403,225,85
7404,85,234
7405,234,82
7406,82,258
7407,258,250
7408,250,258
7409,258,95
7410,95,152
7411,152,1
7412,1,119
7413,119,285
7414,285,164
7415,164,291
7416,291,21
7417,21,132
7418,132,255
7419,255,247
7420,247,89
7421,89,224
7422,224,273
7423,273,90
7424,90,199
7425,199,94
7426,94,296
7427,296,96
7428,96,200
7429,200,87
7430,87,271
7431,271,111
7432,111,295
7433,295,160
7434,160,74
7435,74,56
7436,56,4
7437,4,104
7438,104,195
7439,195,223
7440,223,38
7441,38,206
7442,206,29
7443,29,16
7444,16,80
7445,80,246
7446,246,191
7447,191,103
7448,103,75
7449,75,36
7450,36,44
7451,44,29
7452,29,282
7453,282,110
7454,110,162
7455,162,291
7456,291,48
7457,48,134
7458,134,122
7459,122,156
7460,156,294
7461,294,94
7462,94,152
7463,152,113
7464,113,299
7465,299,60
7466,60,210
7467,210,218
7468,218,8
7469,8,17
7470,17,154
7471,154,63
7472,63,145
7473,145,0
7474,0,292
7475,292,207
7476,207,35
7477,35,8
7478,8,195
7479,195,292
7480,292,245
7481,245,232
7482,232,105
7483,105,203
7484,203,219
7485,219,171
7486,171,287
7487,287,239
7488,239,174
7489,174,24
7490,24,109
7491,109,206
7492,206,13
7493,13,213
7494,213,116
7495,116,264
7496,264,272
7497,272,149
7498,149,164
7499,164,72
7500,72,11
7501,11,77
7502,77,245
7503,245,253
7504,253,261
7505,261,269
7506,269,123
7507,123,163
7508,163,191
7509,191,100
7510,100,214
7511,214,86
7512,86,60
7513,60,249
7514,249,257
7515,257,123
7516,123,232
7517,232,274
7518,274,68
7519,68,179
7520,179,283
7521,283,266
7522,266,197
7523,197,187
7524,187,280
7525,280,147
7526,147,54
7527,54,197
7528,197,205
7529,205,249
7530,249,86
7531,86,104
7532,104,293
7533,293,168
7534,168,6
7535,6,142
7536,142,42
7537,42,255
7538,255,267
7539,267,72
7540,72,80
7541,80,236
7542,236,228
7543,228,84
7544,84,274
7545,274,294
7546,294,51
7547,51,27
7548,27,286
7549,286,127
7550,127,237
7551,237,95
7552,95,281
7553,281,41
7554,41,200
7555,200,40
7556,40,260
7557,260,71
7558,71,234
7559,234,1
7560,1,204
7561,204,95
7562,95,128
7563,128,237
7564,237,245
7565,245,33
7566,33,25
7567,25,210
7568,210,136
7569,136,233
7570,233,149
7571,149,230
7572,230,35
7573,35,188
7574,188,18
7575,18,239
7576,239,88
7577,88,252
7578,252,244
7579,244,0
7580,0,8
7581,8,161
7582,161,177
7583,177,226
7584,226,32
7585,32,249
7586,249,3
7587,3,12
7588,12,208
7589,208,299
7590,299,147
7591,147,115
7592,115,22
7593,22,230
7594,230,28
7595,28,178
7596,178,198
7597,198,52
7598,52,61
7599,61,69
7600,69,155
7601,155,112
7602,112,196
7603,196,46
7604,46,169
7605,169,55
7606,55,63
7607,63,192
7608,192,28
7609,28,41
7610,41,256
7611,256,7
7612,7,123
7613,123,36
7614,36,297
7615,297,61
7616,61,205
7617,205,80
7618,80,113
7619,113,121
7620,121,247
7621,247,255
7622,255,76
7623,76,53
7624,53,217
7625,217,18
7626,18,166
7627,166,275
7628,275,123
7629,123,11
7630,11,191
7631,191,60
7632,60,277
7633,277,291
7634,291,209
7635,209,71
7636,71,244
7637,244,263
7638,263,226
7639,226,4
7640,4,243
7641,243,52
7642,52,222
7643,222,213
7644,213,38
7645,38,176
7646,176,188
7647,188,60
7648,60,178
7649,178,35
7650,35,191
7651,191,270
7652,270,262
7653,262,107
7654,107,98
7655,98,212
7656,212,77
7657,77,14
7658,14,154
7659,154,273
7660,273,127
7661,127,136
7662,136,0
7663,0,199
7664,199,285
7665,285,173
7666,173,189
7667,189,10
7668,10,192
7669,192,273
7670,273,69
7671,69,236
7672,236,263
7673,263,76
7674,76,235
7675,235,135
7676,135,159
7677,159,234
7678,234,92
7679,92,145
7680,145,211
7681,211,202
7682,202,134
7683,134,299
7684,299,153
7685,153,9
7686,9,171
7687,171,18
7688,18,247
7689,247,74
7690,74,241
7691,241,233
7692,233,182
7693,182,70
7694,70,62
7695,62,45
7696,45,37
7697,37,177
7698,177,75
7699,75,85
7700,85,67
7701,67,59
7702,59,293
7703,293,180
7704,180,72
7705,72,63
7706,63,187
7707,187,292
7708,292,284
7709,284,180
7710,180,23
7711,23,31
7712,31,39
7713,39,47
7714,47,229
7715,229,278
7716,278,102
7717,102,8
7718,8,278
7719,278,158
7720,158,183
7721,183,62
7722,62,157
7723,157,140
7724,140,65
7725,65,174
7726,174,43
7727,43,141
7728,141,123
7729,123,84
7730,84,202
7731,202,194
7732,194,52
7733,52,44
7734,44,222
7735,222,45
7736,45,185
7737,185,44
7738,44,252
7739,252,139
7740,139,270
7741,270,253
7742,253,116
7743,116,108
7744,108,2
7745,2,103
7746,103,258
7747,258,266
7748,266,274
7749,274,282
7750,282,104
7751,104,264
7752,264,275
7753,275,126
7754,126,228
7755,228,160
7756,160,29
7757,29,21
7758,21,13
7759,13,102
7760,102,284
7761,284,222
7762,222,131
7763,131,20
7764,20,221
7765,221,49
7766,49,238
7767,238,41
7768,41,233
7769,233,204
7770,204,6
7771,6,196
7772,196,21
7773,21,181
7774,181,39
7775,39,264
7776,264,183
7777,183,299
7778,299,140
7779,140,258
7780,258,250
7781,250,138
7782,138,47
7783,47,212
7784,212,269
7785,269,261
7786,261,253
7787,253,43
7788,43,11
7789,11,159
7790,159,277
7791,277,150
7792,150,23
7793,23,4
7794,4,117
7795,117,201
7796,201,60
7797,60,149
7798,149,57
7799,57,49
7800,49,58
7801,58,68
7802,68,98
7803,98,82
7804,82,227
7805,227,106
7806,106,263
7807,263,122
7808,122,230
7809,230,85
7810,85,282
7811,282,290
7812,290,205
7813,205,88
7814,88,96
7815,96,215
7816,215,196
7817,196,28
7818,28,177
7819,177,168
7820,168,271
7821,271,124
7822,124,286
7823,286,146
7824,146,236
7825,236,197
7826,197,91
7827,91,122
7828,122,243
7829,243,252
7830,252,117
7831,117,97
7832,97,243
7833,243,235
7834,235,285
7835,285,38
7836,38,239
7837,239,231
7838,231,92
7839,92,235
7840,235,155
7841,155,228
7842,228,129
7843,129,137
7844,137,287
7845,287,169
7846,169,290
7847,290,207
7848,207,199
7849,199,295
7850,295,287
7851,287,158
7852,158,6
7853,6,178
7854,178,55
7855,55,47
7856,47,174
7857,174,250
7858,250,64
7859,64,274
7860,274,114
7861,114,161
7862,161,268
7863,268,259
7864,259,78
7865,78,166
7866,166,129
7867,129,224
7868,224,110
7869,110,79
7870,79,223
7871,223,43
7872,43,249
7873,249,69
7874,69,61
7875,61,143
7876,143,134
7877,134,241
7878,241,254
7879,254,148
7880,148,245
7881,245,253
7882,253,162
7883,162,125
7884,125,242
7885,242,86
7886,86,240
7887,240,232
7888,232,240
7889,240,31
7890,31,246
7891,246,238
7892,238,135
7893,135,47
7894,47,294
7895,294,167
7896,167,246
7897,246,89
7898,89,221
7899,221,26
7900,26,34
7901,34,180
7902,180,26
7903,26,261
7904,261,90
7905,90,288
7906,288,130
7907,130,12
7908,12,61
7909,61,173
7910,173,299
7911,299,186
7912,186,19
7913,19,232
7914,232,294
7915,294,205
7916,205,48
7917,48,129
7918,129,144
7919,144,265
7920,265,220
7921,220,228
7922,228,237
7923,237,118
7924,118,234
7925,234,119
7926,119,111
7927,111,7
7928,7,45
7929,45,143
7930,143,238
7931,238,257
7932,257,76
7933,76,51
7934,51,142
7935,142,254
7936,254,32
7937,32,175
7938,175,54
7939,54,62
7940,62,186
7941,186,44
7942,44,36
7943,36,190
7944,190,236
7945,236,74
7946,74,15
7947,15,195
7948,195,4
7949,4,34
7950,34,130
7951,130,295
7952,295,119
7953,119,3
7954,3,66
7955,66,179
7956,179,268
7957,268,148
7958,148,297
7959,297,94
7960,94,243
7961,243,252
7962,252,130
7963,130,48
7964,48,37
7965,37,244
7966,244,115
7967,115,86
7968,86,206
7969,206,215
7970,215,52
7971,52,201
7972,201,57
7973,57,214
7974,214,43
7975,43,198
7976,198,186
7977,186,15
7978,15,175
7979,175,183
7980,183,21
7981,21,164
7982,164,10
7983,10,216
7984,216,113
7985,113,245
7986,245,235
7987,235,202
7988,202,230
7989,230,291
7990,291,105
7991,105,191
7992,191,97
7993,97,229
7994,229,149
7995,149,295
7996,295,154
7997,154,271
7998,271,290
7999,290,134
8000,134,260
